Timestamp,User Count,Type,Name,Requests/s,Failures/s,50%,66%,75%,80%,90%,95%,98%,99%,99.9%,99.99%,100%,Total Request Count,Total Failure Count,Total Median Response Time,Total Average Response Time,Total Min Response Time,Total Max Response Time,Total Average Content Size
1771801773,0,,Aggregated,0.000000,0.000000,N/A,N/A,N/A,N/A,N/A,N/A,N/A,N/A,N/A,N/A,N/A,0,0,0,0.0,0,0,0
1771801774,10,GET,/tools.descartes.teastore.webui/category?category=[id]&page=[n],0.000000,0.000000,0,0,0,0,0,0,0,0,0,0,0,5,0,720.0,600.0678915996104,26.21033399918815,815.1907909996225,125823.0
1771801774,10,GET,/tools.descartes.teastore.webui/home,0.000000,0.000000,0,0,0,0,0,0,0,0,0,0,0,1,0,362.83962500237976,362.83962500237976,362.83962500237976,362.83962500237976,8905.0
1771801774,10,GET,/tools.descartes.teastore.webui/product?id=[id],0.000000,0.000000,0,0,0,0,0,0,0,0,0,0,0,5,0,820.0,818.6833081992518,815.5356659990503,824.5188750006491,126783.2
1771801774,10,,Aggregated,0.000000,0.000000,0,0,0,0,0,0,0,0,0,0,0,11,0,820.0,677.8723294542447,26.21033399918815,824.5188750006491,115630.54545454546
1771801775,20,GET,/tools.descartes.teastore.webui/category?category=[id]&page=[n],0.000000,0.000000,0,0,0,0,0,0,0,0,0,0,0,14,0,320.0,355.6384492855744,22.19070800128975,815.1907909996225,113424.14285714286
1771801775,20,GET,/tools.descartes.teastore.webui/home,0.000000,0.000000,19,19,270,270,270,270,270,270,270,270,270,4,0,19,166.91366650138661,17.353833001834573,362.83962500237976,8905.0
1771801775,20,GET,/tools.descartes.teastore.webui/product?id=[id],0.000000,0.000000,0,0,0,0,0,0,0,0,0,0,0,9,0,820.0,583.3186712217058,60.155250001116656,824.5188750006491,125721.11111111111
1771801775,20,,Aggregated,0.000000,0.000000,340,720,720,820,820,820,820,820,820,820,820,27,0,340.0,403.57262951847923,17.353833001834573,824.5188750006491,102038.81481481482
1771801776,25,GET,/tools.descartes.teastore.webui/category?category=[id]&page=[n],0.000000,0.000000,27,33,45,58,86,90,90,90,90,90,90,30,0,34,186.80997083320108,18.22737499969662,815.1907909996225,114798.83333333333
1771801776,25,GET,/tools.descartes.teastore.webui/home,1.000000,0.000000,75,76,77,77,270,270,270,270,270,270,270,9,0,75,106.92898144528347,9.507541999482783,362.83962500237976,8905.0
1771801776,25,GET,/tools.descartes.teastore.webui/product?id=[id],0.000000,0.000000,79,79,100,100,100,100,100,100,100,100,100,12,0,370.0,456.55550691602303,44.80200000034529,824.5188750006491,125477.83333333333
1771801776,25,,Aggregated,1.000000,0.000000,76,300,340,370,820,820,820,820,820,820,820,51,0,76,236.18286354893843,9.507541999482783,824.5188750006491,98624.39215686274
1771801777,25,GET,/tools.descartes.teastore.webui/category?category=[id]&page=[n],5.500000,0.000000,27,31,34,45,76,86,90,90,90,90,90,39,0,31,149.98377458976347,15.356125000835164,815.1907909996225,114076.30769230769
1771801777,25,GET,/tools.descartes.teastore.webui/home,1.500000,0.000000,19,57,76,76,77,270,270,270,270,270,270,13,0,19,78.2441987699153,8.820375001960201,362.83962500237976,8905.0
1771801777,25,GET,/tools.descartes.teastore.webui/product?id=[id],4.000000,0.000000,50,54,60,79,100,100,100,100,100,100,100,18,0,79,318.4713726107778,25.627666000218596,824.5188750006491,127507.94444444444
1771801777,25,,Aggregated,11.000000,0.000000,48,77,300,320,720,820,820,820,820,820,820,70,0,48,179.98609285719536,8.820375001960201,824.5188750006491,97998.34285714285
1771801778,25,GET,/tools.descartes.teastore.webui/category?category=[id]&page=[n],7.000000,0.000000,27,33,42,58,86,110,170,170,170,170,170,49,0,31,130.16939118371775,15.356125000835164,815.1907909996225,114928.87755102041
1771801778,25,GET,/tools.descartes.teastore.webui/home,2.666667,0.000000,17,57,75,76,77,270,270,270,270,270,270,14,0,17,73.437065572112,8.820375001960201,362.83962500237976,8905.0
1771801778,25,GET,/tools.descartes.teastore.webui/product?id=[id],3.333333,0.000000,50,57,62,62,91,100,100,100,100,100,100,24,0,60,251.59299649961517,25.627666000218596,824.5188750006491,127339.95833333333
1771801778,25,,Aggregated,13.000000,0.000000,45,75,100,300,720,820,820,820,820,820,820,87,0,45,154.53621841382187,8.820375001960201,824.5188750006491,101291.31034482758
1771801779,25,GET,/tools.descartes.teastore.webui/category?category=[id]&page=[n],8.000000,0.000000,26,33,45,58,90,150,170,170,170,170,170,60,0,28,115.5639396333451,15.356125000835164,815.1907909996225,115434.9
1771801779,25,GET,/tools.descartes.teastore.webui/home,2.750000,0.000000,20,56,58,75,77,270,270,270,270,270,270,19,0,20,63.209921105513594,8.820375001960201,362.83962500237976,8905.0
1771801779,25,GET,/tools.descartes.teastore.webui/product?id=[id],3.500000,0.000000,49,55,60,62,91,100,100,100,100,100,100,28,0,55,221.62559967845093,25.627666000218596,824.5188750006491,127736.0
1771801779,25,,Aggregated,14.250000,0.000000,41,58,86,150,370,820,820,820,820,820,820,107,0,41,134.02188476637468,8.820375001960201,824.5188750006491,99737.35514018692
1771801780,25,GET,/tools.descartes.teastore.webui/category?category=[id]&page=[n],9.000000,0.000000,24,33,41,47,86,150,160,170,170,170,170,71,0,27,101.33207219728256,15.356125000835164,815.1907909996225,115686.84507042254
1771801780,25,GET,/tools.descartes.teastore.webui/home,2.600000,0.000000,17,27,57,58,76,77,270,270,270,270,270,23,0,17,53.88537139135777,8.319249998749001,362.83962500237976,8905.0
1771801780,25,GET,/tools.descartes.teastore.webui/product?id=[id],4.200000,0.000000,49,57,62,74,79,91,100,100,100,100,100,33,0,57,196.81886866634488,25.627666000218596,824.5188750006491,128575.54545454546
1771801780,25,,Aggregated,15.800000,0.000000,34,57,76,90,340,720,820,820,820,820,820,127,0,34,117.55089239368246,8.319249998749001,824.5188750006491,99697.43307086614
1771801781,25,GET,/tools.descartes.teastore.webui/category?category=[id]&page=[n],9.000000,0.000000,22,27,34,41,64,110,160,170,170,170,170,85,0,24,88.08420345902799,15.348458000516985,815.1907909996225,115632.25882352941
1771801781,25,GET,/tools.descartes.teastore.webui/home,2.833333,0.000000,17,27,57,58,76,77,270,270,270,270,270,27,0,17,49.831563259498644,8.319249998749001,362.83962500237976,8905.0
1771801781,25,GET,/tools.descartes.teastore.webui/product?id=[id],4.333333,0.000000,48,55,60,73,79,91,100,100,100,100,100,37,0,54,179.42151235114875,25.627666000218596,824.5188750006491,130174.81081081081
1771801781,25,,Aggregated,16.166667,0.000000,31,49,64,76,320,720,820,820,820,820,820,149,0,31,103.83359368467346,8.319249998749001,824.5188750006491,99903.65771812081
1771801782,25,GET,/tools.descartes.teastore.webui/category?category=[id]&page=[n],9.571429,0.000000,22,26,34,39,64,110,160,170,170,170,170,91,0,24,83.66410945078255,15.348458000516985,815.1907909996225,116032.41758241758
1771801782,25,GET,/tools.descartes.teastore.webui/home,2.857143,0.000000,16,20,56,57,75,77,270,270,270,270,270,33,0,16,43.147690666955896,8.319249998749001,362.83962500237976,8905.0
1771801782,25,GET,/tools.descartes.teastore.webui/product?id=[id],4.714286,0.000000,41,52,55,60,76,91,100,100,100,100,100,45,0,50,154.20706295545745,25.627666000218596,824.5188750006491,130800.28888888888
1771801782,25,,Aggregated,17.142857,0.000000,30,42,58,74,300,720,820,820,820,820,820,169,0,30,94.53624606524461,8.319249998749001,824.5188750006491,99046.31952662722
1771801783,25,GET,/tools.descartes.teastore.webui/category?category=[id]&page=[n],9.750000,0.000000,22,26,33,35,59,90,160,170,170,170,170,102,0,23,77.24422428448936,15.348458000516985,815.1907909996225,116702.24509803922
1771801783,25,GET,/tools.descartes.teastore.webui/home,3.125000,0.000000,13,17,27,56,75,77,270,270,270,270,270,37,0,13,39.63066554098151,8.319249998749001,362.83962500237976,8905.0
1771801783,25,GET,/tools.descartes.teastore.webui/product?id=[id],4.250000,0.000000,40,52,55,60,76,79,100,100,100,100,100,49,0,49,145.2373350407377,25.627666000218596,824.5188750006491,131179.24489795917
1771801783,25,,Aggregated,17.125000,0.000000,27,39,56,64,270,370,820,820,820,820,820,188,0,27,87.56316446292755,8.319249998749001,824.5188750006491,99260.09042553192
1771801784,25,GET,/tools.descartes.teastore.webui/category?category=[id]&page=[n],9.777778,0.000000,22,26,33,38,59,86,150,160,170,170,170,113,0,23,72.71768364621212,15.348458000516985,815.1907909996225,117130.20353982301
1771801784,25,GET,/tools.descartes.teastore.webui/home,3.333333,0.000000,13,17,21,56,73,76,77,77,77,77,77,38,0,13,38.92215239514036,8.319249998749001,362.83962500237976,8905.0
1771801784,25,GET,/tools.descartes.teastore.webui/product?id=[id],4.444444,0.000000,38,50,55,62,79,79,100,100,100,100,100,57,0,45,130.63169224557913,25.627666000218596,824.5188750006491,131702.87719298244
1771801784,25,,Aggregated,17.555556,0.000000,26,33,41,50,73,79,110,160,170,170,170,208,0,27,82.41416587036208,8.319249998749001,824.5188750006491,101351.76442307692
1771801785,25,GET,/tools.descartes.teastore.webui/category?category=[id]&page=[n],9.500000,0.000000,21,25,33,37,58,76,160,170,170,170,170,117,0,23,71.26012323948463,15.348458000516985,815.1907909996225,117218.67521367522
1771801785,25,GET,/tools.descartes.teastore.webui/home,3.400000,0.000000,12,15,17,21,57,73,77,77,77,77,77,46,0,12,35.7779347829384,7.007749998592772,362.83962500237976,8905.0
1771801785,25,GET,/tools.descartes.teastore.webui/product?id=[id],4.700000,0.000000,40,52,66,73,79,91,99,100,100,100,100,64,0,49,124.7102656250263,25.627666000218596,824.5188750006491,131437.046875
1771801785,25,,Aggregated,17.600000,0.000000,25,33,41,50,69,79,110,160,170,170,170,227,0,28,79.13954369619626,7.007749998592772,824.5188750006491,99278.35242290748
1771801786,25,GET,/tools.descartes.teastore.webui/category?category=[id]&page=[n],10.500000,0.000000,21,25,28,35,51,69,160,170,170,170,170,130,0,22,66.42933143092915,15.348458000516985,815.1907909996225,117203.51538461538
1771801786,25,GET,/tools.descartes.teastore.webui/home,3.700000,0.000000,11,13,15,20,56,73,77,77,77,77,77,48,0,12,34.6307960210955,7.007749998592772,362.83962500237976,8905.0
1771801786,25,GET,/tools.descartes.teastore.webui/product?id=[id],5.200000,0.000000,37,50,62,67,79,91,99,100,100,100,100,69,0,45,118.23267994211916,25.627666000218596,824.5188750006491,132839.3188405797
1771801786,25,,Aggregated,19.400000,0.000000,25,32,38,44,67,79,110,160,170,170,170,247,0,27,74.72123972080807,7.007749998592772,824.5188750006491,100525.54655870446
1771801787,25,GET,/tools.descartes.teastore.webui/category?category=[id]&page=[n],10.200000,0.000000,21,24,26,35,49,69,150,160,160,160,160,140,0,22,64.6715437786822,15.348458000516985,815.1907909996225,117041.5142857143
1771801787,25,GET,/tools.descartes.teastore.webui/home,3.900000,0.000000,11,12,16,20,56,73,77,77,77,77,77,53,0,12,32.500132075650946,7.007749998592772,362.83962500237976,8905.0
1771801787,25,GET,/tools.descartes.teastore.webui/product?id=[id],5.200000,0.000000,35,42,66,67,79,90,99,100,100,100,100,77,0,42,110.608546545596,25.627666000218596,824.5188750006491,133678.53246753247
1771801787,25,,Aggregated,19.300000,0.000000,24,32,37,42,67,77,99,150,160,160,160,270,0,27,71.45696745568851,7.007749998592772,824.5188750006491,100559.34814814814
1771801788,25,GET,/tools.descartes.teastore.webui/category?category=[id]&page=[n],10.400000,0.000000,21,25,27,32,49,70,85,130,130,130,130,153,0,23,62.57246788250175,15.348458000516985,815.1907909996225,117217.01307189543
1771801788,25,GET,/tools.descartes.teastore.webui/home,3.900000,0.000000,11,12,15,16,27,73,77,77,77,77,77,53,0,12,32.500132075650946,7.007749998592772,362.83962500237976,8905.0
1771801788,25,GET,/tools.descartes.teastore.webui/product?id=[id],5.600000,0.000000,35,42,66,69,79,90,99,100,100,100,100,79,0,41,108.63836655708043,25.627666000218596,824.5188750006491,133953.41772151898
1771801788,25,,Aggregated,19.900000,0.000000,24,31,35,40,69,79,90,100,130,130,130,285,0,27,69.74921243523376,7.007749998592772,824.5188750006491,101713.99298245614
1771801789,25,GET,/tools.descartes.teastore.webui/category?category=[id]&page=[n],10.000000,0.000000,22,25,28,32,49,70,85,130,130,130,130,163,0,23,60.33902557681392,15.348458000516985,815.1907909996225,116608.8036809816
1771801789,25,GET,/tools.descartes.teastore.webui/home,3.900000,0.000000,11,12,13,15,31,73,77,77,77,77,77,57,0,12,31.511014614296617,7.007749998592772,362.83962500237976,8905.0
1771801789,25,GET,/tools.descartes.teastore.webui/product?id=[id],5.900000,0.000000,37,42,66,69,86,100,110,120,120,120,120,87,0,41,104.1498984598746,25.627666000218596,824.5188750006491,133112.16091954024
1771801789,25,,Aggregated,19.800000,0.000000,24,31,37,41,69,82,100,120,130,130,130,307,0,27,67.4020526646406,7.007749998592772,824.5188750006491,101288.52768729642
1771801790,25,GET,/tools.descartes.teastore.webui/category?category=[id]&page=[n],10.100000,0.000000,22,26,32,43,65,85,120,130,130,130,130,171,0,23,59.99471980129788,15.348458000516985,815.1907909996225,117420.82456140351
1771801790,25,GET,/tools.descartes.teastore.webui/home,4.000000,0.000000,11,13,15,16,31,73,77,77,77,77,77,62,0,12,30.168304451792444,7.007749998592772,362.83962500237976,8905.0
1771801790,25,GET,/tools.descartes.teastore.webui/product?id=[id],5.800000,0.000000,36,42,58,67,86,99,110,120,120,120,120,96,0,40,98.32917838548383,23.69183399787289,824.5188750006491,132783.66666666666
1771801790,25,,Aggregated,19.900000,0.000000,26,32,38,45,73,86,110,120,130,130,130,329,0,27,65.55967503659429,7.007749998592772,824.5188750006491,101453.8085106383
1771801791,25,GET,/tools.descartes.teastore.webui/category?category=[id]&page=[n],10.400000,0.000000,23,26,32,44,69,85,120,130,130,130,130,184,0,23,57.89608221754821,15.02466600140906,815.1907909996225,117323.03804347826
1771801791,25,GET,/tools.descartes.teastore.webui/home,3.800000,0.000000,11,12,15,16,26,38,77,77,77,77,77,65,0,12,29.214769246307416,7.007749998592772,362.83962500237976,8905.0
1771801791,25,GET,/tools.descartes.teastore.webui/product?id=[id],5.700000,0.000000,38,45,66,69,87,100,110,120,120,120,120,99,0,41,96.7265854343361,23.69183399787289,824.5188750006491,132793.8383838384
1771801791,25,,Aggregated,19.900000,0.000000,26,32,40,49,75,86,110,120,130,130,130,348,0,27,63.585549100684275,7.007749998592772,824.5188750006491,101473.7183908046
1771801792,25,GET,/tools.descartes.teastore.webui/category?category=[id]&page=[n],9.700000,0.000000,22,26,32,43,69,85,120,130,130,130,130,194,0,23,55.959974252716364,15.02466600140906,815.1907909996225,117441.38659793814
1771801792,25,GET,/tools.descartes.teastore.webui/home,3.900000,0.000000,11,12,13,14,26,38,77,77,77,77,77,70,0,11,27.855219057268446,7.007749998592772,362.83962500237976,8905.0
1771801792,25,GET,/tools.descartes.teastore.webui/product?id=[id],5.700000,0.000000,38,47,66,69,87,100,110,120,120,120,120,102,0,41,95.29019607843486,23.69183399787289,824.5188750006491,133312.9411764706
1771801792,25,,Aggregated,19.300000,0.000000,25,32,39,45,73,86,110,120,130,130,130,366,0,26,61.54562934162875,7.007749998592772,824.5188750006491,101106.28142076502
1771801793,25,GET,/tools.descartes.teastore.webui/category?category=[id]&page=[n],9.900000,0.000000,22,26,32,38,65,85,120,130,130,130,130,202,0,22,54.67113244075975,15.02466600140906,815.1907909996225,117477.4405940594
1771801793,25,GET,/tools.descartes.teastore.webui/home,3.900000,0.000000,11,12,15,16,38,47,77,77,77,77,77,77,0,11,27.139768389712447,7.007749998592772,362.83962500237976,8905.0
1771801793,25,GET,/tools.descartes.teastore.webui/product?id=[id],6.300000,0.000000,39,47,67,73,87,100,110,120,120,120,120,109,0,42,92.73058982567201,23.69183399787289,824.5188750006491,133663.54128440368
1771801793,25,,Aggregated,20.100000,0.000000,25,32,39,46,74,87,110,120,130,130,130,388,0,26,59.89939487123602,7.007749998592772,824.5188750006491,100477.97422680413
1771801794,25,GET,/tools.descartes.teastore.webui/category?category=[id]&page=[n],10.000000,0.000000,22,25,29,38,65,85,120,130,130,130,130,211,0,22,53.18824271109398,15.02466600140906,815.1907909996225,117733.57345971564
1771801794,25,GET,/tools.descartes.teastore.webui/home,3.700000,0.000000,11,12,14,15,26,40,77,77,77,77,77,83,0,12,25.995290144686784,7.007749998592772,362.83962500237976,8905.0
1771801794,25,GET,/tools.descartes.teastore.webui/product?id=[id],6.000000,0.000000,39,47,69,74,87,100,110,120,120,120,120,112,0,41,91.00145349105203,23.69183399787289,824.5188750006491,133314.64285714287
1771801794,25,,Aggregated,19.700000,0.000000,23,32,39,44,74,87,110,120,130,130,130,406,0,26,58.060322869575515,7.007749998592772,824.5188750006491,99783.59359605912
1771801795,25,GET,/tools.descartes.teastore.webui/category?category=[id]&page=[n],10.100000,0.000000,22,24,29,33,65,85,120,130,130,130,130,221,0,22,51.75537294588353,15.02466600140906,815.1907909996225,117503.64705882352
1771801795,25,GET,/tools.descartes.teastore.webui/home,3.800000,0.000000,11,12,14,15,26,40,47,47,47,47,47,86,0,11,25.470363837336855,7.007749998592772,362.83962500237976,8905.0
1771801795,25,GET,/tools.descartes.teastore.webui/product?id=[id],5.900000,0.000000,39,46,54,73,87,94,110,120,120,120,120,120,0,41,88.58604166659158,23.69183399787289,824.5188750006491,132711.79166666666
1771801795,25,,Aggregated,19.800000,0.000000,23,31,38,43,73,87,110,120,130,130,130,427,0,26,56.811975904080136,7.007749998592772,824.5188750006491,99905.27166276347
1771801796,25,GET,/tools.descartes.teastore.webui/category?category=[id]&page=[n],10.200000,0.000000,22,24,28,32,65,85,120,130,130,130,130,229,0,22,50.68205005259128,15.02466600140906,815.1907909996225,117606.24454148472
1771801796,25,GET,/tools.descartes.teastore.webui/home,4.100000,0.000000,11,12,13,14,16,38,47,47,47,47,47,94,0,11,24.13328543627087,7.007749998592772,362.83962500237976,8905.0
1771801796,25,GET,/tools.descartes.teastore.webui/product?id=[id],5.700000,0.000000,38,44,53,58,87,94,110,120,120,120,120,125,0,40,86.50753366391291,23.69183399787289,824.5188750006491,133200.536
1771801796,25,,Aggregated,20.000000,0.000000,23,29,37,40,65,85,110,120,130,130,130,448,0,25,55.10750000232584,7.007749998592772,824.5188750006491,99149.47991071429
1771801797,25,GET,/tools.descartes.teastore.webui/category?category=[id]&page=[n],10.500000,0.000000,22,24,29,32,59,84,120,130,130,130,130,234,0,22,50.34293715831683,15.02466600140906,815.1907909996225,117807.26923076923
1771801797,25,GET,/tools.descartes.teastore.webui/home,4.300000,0.000000,11,12,14,15,20,38,47,47,47,47,47,97,0,11,23.820418793904313,7.007749998592772,362.83962500237976,8905.0
1771801797,25,GET,/tools.descartes.teastore.webui/product?id=[id],5.400000,0.000000,39,47,54,74,90,110,120,120,120,120,120,129,0,40,85.54937113168948,23.69183399787289,824.5188750006491,133483.4031007752
1771801797,25,,Aggregated,20.200000,0.000000,23,29,38,40,73,87,120,120,130,130,130,460,0,25,54.62325390009305,7.007749998592772,824.5188750006491,99239.22826086957
1771801798,25,GET,/tools.descartes.teastore.webui/category?category=[id]&page=[n],9.800000,0.000000,22,25,29,37,59,97,160,180,180,180,180,243,0,22,51.563571345827825,15.02466600140906,815.1907909996225,117532.48148148147
1771801798,25,GET,/tools.descartes.teastore.webui/home,4.200000,0.000000,11,13,15,16,40,45,150,150,150,150,150,103,0,12,25.311578038914043,7.007749998592772,362.83962500237976,8905.0
1771801798,25,GET,/tools.descartes.teastore.webui/product?id=[id],5.500000,0.000000,39,46,54,74,90,130,140,250,250,250,250,135,0,41,86.3602191479812,23.69183399787289,824.5188750006491,133164.9111111111
1771801798,25,,Aggregated,19.500000,0.000000,23,32,38,43,75,97,160,180,250,250,250,481,0,26,55.70825355513881,7.007749998592772,824.5188750006491,98658.77546777547
1771801799,25,GET,/tools.descartes.teastore.webui/category?category=[id]&page=[n],10.000000,0.000000,21,24,29,37,59,97,160,180,180,180,180,254,0,22,50.5560800631042,15.02466600140906,815.1907909996225,117211.0748031496
1771801799,25,GET,/tools.descartes.teastore.webui/home,4.400000,0.000000,11,13,15,16,40,45,150,150,150,150,150,105,0,12,25.061434485784655,7.007749998592772,362.83962500237976,8905.0
1771801799,25,GET,/tools.descartes.teastore.webui/product?id=[id],5.400000,0.000000,38,44,53,74,94,130,250,250,250,250,250,140,0,39,84.52446996413657,23.69183399787289,824.5188750006491,132920.42142857143
1771801799,25,,Aggregated,19.800000,0.000000,22,31,38,43,74,97,160,180,250,250,250,499,0,26,54.721684873777505,7.007749998592772,824.5188750006491,98828.65130260521
1771801800,25,GET,/tools.descartes.teastore.webui/category?category=[id]&page=[n],9.200000,0.000000,21,24,29,37,57,77,160,180,180,180,180,265,0,22,49.54220047933082,15.02466600140906,815.1907909996225,117082.32075471699
1771801800,25,GET,/tools.descartes.teastore.webui/home,4.500000,0.000000,11,13,15,16,40,45,150,150,150,150,150,108,0,11,24.680430907513557,7.007749998592772,362.83962500237976,8905.0
1771801800,25,GET,/tools.descartes.teastore.webui/product?id=[id],5.300000,0.000000,38,44,54,68,90,130,140,250,250,250,250,149,0,39,81.86204756366229,23.69183399787289,824.5188750006491,132925.12751677854
1771801800,25,,Aggregated,19.000000,0.000000,22,32,38,43,63,94,160,180,250,250,250,522,0,26,53.62378304984639,7.007749998592772,824.5188750006491,99222.98659003832
1771801801,25,GET,/tools.descartes.teastore.webui/category?category=[id]&page=[n],9.000000,0.000000,21,24,32,40,57,79,160,180,180,180,180,274,0,22,49.43334368255593,15.02466600140906,815.1907909996225,116739.60218978103
1771801801,25,GET,/tools.descartes.teastore.webui/home,4.800000,0.000000,11,13,15,16,40,45,150,150,150,150,150,111,0,12,24.34797369376709,7.007749998592772,362.83962500237976,8905.0
1771801801,25,GET,/tools.descartes.teastore.webui/product?id=[id],5.400000,0.000000,39,47,66,72,90,130,140,250,250,250,250,154,0,40,81.24570619472618,23.69183399787289,824.5188750006491,132785.9090909091
1771801801,25,,Aggregated,19.200000,0.000000,23,33,42,46,71,94,160,180,250,250,250,539,0,26,53.35658627646809,7.007749998592772,824.5188750006491,99117.13543599258
1771801802,25,GET,/tools.descartes.teastore.webui/category?category=[id]&page=[n],9.400000,0.000000,22,28,40,50,57,79,160,180,180,180,180,279,0,22,49.31729391405155,15.02466600140906,815.1907909996225,116604.72759856631
1771801802,25,GET,/tools.descartes.teastore.webui/home,4.700000,0.000000,12,14,16,20,40,45,150,150,150,150,150,117,0,12,24.04096970097341,7.007749998592772,362.83962500237976,8905.0
1771801802,25,GET,/tools.descartes.teastore.webui/product?id=[id],5.300000,0.000000,40,63,74,84,94,140,250,270,270,270,270,157,0,41,82.58051647763246,23.69183399787289,824.5188750006491,133095.37579617836
1771801802,25,,Aggregated,19.400000,0.000000,25,35,44,52,79,120,160,250,270,270,270,553,0,26,53.41312756604442,7.007749998592772,824.5188750006491,98500.14104882459
1771801803,25,GET,/tools.descartes.teastore.webui/category?category=[id]&page=[n],9.000000,0.000000,24,30,43,51,57,79,160,180,180,180,180,289,0,22,48.75038697586816,15.02466600140906,815.1907909996225,116999.91349480969
1771801803,25,GET,/tools.descartes.teastore.webui/home,4.500000,0.000000,12,14,17,20,31,42,150,150,150,150,150,123,0,12,23.60997930911135,7.007749998592772,362.83962500237976,8905.0
1771801803,25,GET,/tools.descartes.teastore.webui/product?id=[id],5.400000,0.000000,43,53,68,72,94,140,250,270,270,270,270,164,0,42,81.31748478041206,23.69183399787289,824.5188750006491,133369.43292682926
1771801803,25,,Aggregated,18.900000,0.000000,28,35,44,52,71,95,160,250,270,270,270,576,0,27,52.65443888026766,7.007749998592772,824.5188750006491,98577.91145833333
1771801804,25,GET,/tools.descartes.teastore.webui/category?category=[id]&page=[n],8.900000,0.000000,26,34,48,54,61,79,160,180,180,180,180,300,0,23,48.08823278677058,15.02466600140906,815.1907909996225,116839.44666666667
1771801804,25,GET,/tools.descartes.teastore.webui/home,4.400000,0.000000,13,15,20,21,32,45,150,150,150,150,150,127,0,12,23.55228376395608,7.007749998592772,362.83962500237976,8905.0
1771801804,25,GET,/tools.descartes.teastore.webui/product?id=[id],5.600000,0.000000,43,54,68,72,94,140,250,270,270,270,270,171,0,42,79.88474004084486,23.69183399787289,824.5188750006491,133157.38596491228
1771801804,25,,Aggregated,18.900000,0.000000,29,39,48,54,72,95,160,250,270,270,270,598,0,27,51.96973314554861,7.007749998592772,824.5188750006491,98583.08026755853
1771801805,25,GET,/tools.descartes.teastore.webui/category?category=[id]&page=[n],8.900000,0.000000,26,34,46,54,61,79,160,180,180,180,180,308,0,23,47.52291464621946,15.02466600140906,815.1907909996225,116665.02597402598
1771801805,25,GET,/tools.descartes.teastore.webui/home,4.600000,0.000000,13,16,20,21,32,45,150,150,150,150,150,132,0,12,23.144937795608932,7.007749998592772,362.83962500237976,8905.0
1771801805,25,GET,/tools.descartes.teastore.webui/product?id=[id],5.500000,0.000000,41,53,64,68,92,140,250,270,270,270,270,176,0,41,78.62630376695796,23.69183399787289,824.5188750006491,133241.64772727274
1771801805,25,,Aggregated,19.000000,0.000000,29,37,46,53,68,95,160,250,270,270,270,616,0,27,51.18574506987106,7.007749998592772,824.5188750006491,98309.76948051948
1771801806,25,GET,/tools.descartes.teastore.webui/category?category=[id]&page=[n],8.500000,0.000000,27,35,39,51,58,79,160,180,180,180,180,321,0,23,46.64852246117836,15.02466600140906,815.1907909996225,116648.46417445483
1771801806,25,GET,/tools.descartes.teastore.webui/home,4.500000,0.000000,14,16,20,24,42,47,150,150,150,150,150,133,0,12,23.035800105424272,7.007749998592772,362.83962500237976,8905.0
1771801806,25,GET,/tools.descartes.teastore.webui/product?id=[id],5.800000,0.000000,39,52,63,68,87,140,250,270,270,270,270,181,0,40,77.31465356898714,23.69183399787289,824.5188750006491,132946.57458563536
1771801806,25,,Aggregated,18.800000,0.000000,29,36,44,52,66,92,160,250,270,270,270,635,0,27,50.443920346529694,7.007749998592772,824.5188750006491,98727.32598425196
1771801807,25,GET,/tools.descartes.teastore.webui/category?category=[id]&page=[n],8.400000,0.000000,26,32,37,48,57,79,160,180,180,180,180,333,0,23,45.98019820432919,15.02466600140906,815.1907909996225,116643.23423423423
1771801807,25,GET,/tools.descartes.teastore.webui/home,4.400000,0.000000,14,17,21,29,42,47,150,150,150,150,150,139,0,12,22.901103410188515,7.007749998592772,362.83962500237976,8905.0
1771801807,25,GET,/tools.descartes.teastore.webui/product?id=[id],5.800000,0.000000,44,54,68,72,87,140,250,270,270,270,270,185,0,41,77.18044078908467,23.69183399787289,824.5188750006491,133062.1891891892
1771801807,25,,Aggregated,18.600000,0.000000,29,36,45,52,68,92,160,250,270,270,270,657,0,27,49.88286289503576,7.007749998592772,824.5188750006491,98472.59817351599
1771801808,25,GET,/tools.descartes.teastore.webui/category?category=[id]&page=[n],8.900000,0.000000,27,31,36,46,57,73,95,150,150,150,150,346,0,23,45.81762174867525,15.02466600140906,815.1907909996225,116432.20809248555
1771801808,25,GET,/tools.descartes.teastore.webui/home,4.300000,0.000000,13,15,16,17,32,47,47,47,47,47,47,141,0,12,22.766231964632304,7.007749998592772,362.83962500237976,8905.0
1771801808,25,GET,/tools.descartes.teastore.webui/product?id=[id],5.700000,0.000000,44,53,66,68,81,92,210,270,270,270,270,188,0,41,77.51137059564458,23.69183399787289,824.5188750006491,133084.5904255319
1771801808,25,,Aggregated,18.900000,0.000000,29,36,44,51,66,81,95,210,270,270,270,675,0,27,49.829738524497735,7.007749998592772,824.5188750006491,98608.96592592592
1771801809,25,GET,/tools.descartes.teastore.webui/category?category=[id]&page=[n],9.300000,0.000000,27,33,37,48,58,79,180,220,220,220,220,357,0,23,46.11754178723186,15.02466600140906,815.1907909996225,116238.57983193277
1771801809,25,GET,/tools.descartes.teastore.webui/home,4.000000,0.000000,12,14,16,17,32,47,47,47,47,47,47,143,0,12,22.570283496600755,7.007749998592772,362.83962500237976,8905.0
1771801809,25,GET,/tools.descartes.teastore.webui/product?id=[id],5.500000,0.000000,49,63,71,72,92,230,250,270,270,270,270,197,0,41,78.08522612684074,23.69183399787289,824.5188750006491,133030.95939086293
1771801809,25,,Aggregated,18.800000,0.000000,29,36,47,53,72,87,220,250,270,270,270,697,0,27,50.321811341525546,7.007749998592772,824.5188750006491,98963.68292682926
1771801810,25,GET,/tools.descartes.teastore.webui/category?category=[id]&page=[n],9.600000,0.000000,27,33,37,48,63,86,190,220,220,220,220,366,0,23,46.19132206293802,15.02466600140906,815.1907909996225,116362.34153005465
1771801810,25,GET,/tools.descartes.teastore.webui/home,4.200000,0.000000,13,15,17,24,47,100,120,120,120,120,120,147,0,12,23.671397381030747,7.007749998592772,362.83962500237976,8905.0
1771801810,25,GET,/tools.descartes.teastore.webui/product?id=[id],5.400000,0.000000,44,54,68,81,98,230,270,270,270,270,270,201,0,40,77.14408024869262,23.69183399787289,824.5188750006491,133217.35323383086
1771801810,25,,Aggregated,19.200000,0.000000,29,36,47,52,79,100,220,250,270,270,270,714,0,27,50.268458571476266,7.007749998592772,824.5188750006491,98983.66946778711
1771801811,25,GET,/tools.descartes.teastore.webui/category?category=[id]&page=[n],10.100000,0.000000,25,29,34,36,53,86,190,220,220,220,220,376,0,23,45.56921764104969,15.02466600140906,815.1907909996225,116618.31382978724
1771801811,25,GET,/tools.descartes.teastore.webui/home,3.900000,0.000000,12,14,17,24,47,100,120,120,120,120,120,150,0,12,23.392674153389333,7.007749998592772,362.83962500237976,8905.0
1771801811,25,GET,/tools.descartes.teastore.webui/product?id=[id],5.200000,0.000000,39,51,64,72,87,210,250,250,250,250,250,202,0,40,76.88196949992303,23.69183399787289,824.5188750006491,133159.5792079208
1771801811,25,,Aggregated,19.200000,0.000000,27,33,38,44,72,98,210,230,250,250,250,728,0,27,49.688303289872984,7.007749998592772,824.5188750006491,99014.38324175825
1771801812,25,GET,/tools.descartes.teastore.webui/category?category=[id]&page=[n],10.200000,0.000000,23,28,33,36,58,150,180,190,220,220,220,390,0,23,45.42063429241049,15.02466600140906,815.1907909996225,116751.14615384616
1771801812,25,GET,/tools.descartes.teastore.webui/home,3.900000,0.000000,12,15,17,26,47,100,120,120,120,120,120,152,0,12,23.444229973751806,7.007749998592772,362.83962500237976,8905.0
1771801812,25,GET,/tools.descartes.teastore.webui/product?id=[id],5.400000,0.000000,38,51,54,68,86,210,250,250,250,250,250,208,0,40,75.79881913452132,23.37683299992932,824.5188750006491,133373.0673076923
1771801812,25,,Aggregated,19.500000,0.000000,26,32,37,44,72,120,210,230,250,250,250,750,0,26,49.39163294670774,7.007749998592772,824.5188750006491,99504.14
1771801813,25,GET,/tools.descartes.teastore.webui/category?category=[id]&page=[n],10.300000,0.000000,23,27,32,36,55,150,180,190,220,220,220,404,0,22,44.65269729959377,15.02466600140906,815.1907909996225,116772.64108910892
1771801813,25,GET,/tools.descartes.teastore.webui/home,3.900000,0.000000,12,15,26,29,47,100,120,120,120,120,120,156,0,12,23.22660255135699,7.007749998592772,362.83962500237976,8905.0
1771801813,25,GET,/tools.descartes.teastore.webui/product?id=[id],5.100000,0.000000,36,46,54,72,86,210,250,250,250,250,250,211,0,39,75.12916195250759,23.37683299992932,824.5188750006491,133357.23222748816
1771801813,25,,Aggregated,19.300000,0.000000,26,31,36,41,72,120,210,230,250,250,250,771,0,26,48.65796741767402,7.007749998592772,824.5188750006491,99485.99610894942
1771801814,25,GET,/tools.descartes.teastore.webui/category?category=[id]&page=[n],10.300000,0.000000,21,27,31,35,53,150,180,190,220,220,220,412,0,22,44.195528825326015,15.02466600140906,815.1907909996225,116978.17233009709
1771801814,25,GET,/tools.descartes.teastore.webui/home,3.900000,0.000000,11,14,16,26,32,100,120,120,120,120,120,163,0,12,22.76130928231658,7.007749998592772,362.83962500237976,8905.0
1771801814,25,GET,/tools.descartes.teastore.webui/product?id=[id],4.700000,0.000000,35,42,51,72,96,210,250,250,250,250,250,217,0,39,74.26295452063859,23.37683299992932,824.5188750006491,133462.78341013825
1771801814,25,,Aggregated,18.900000,0.000000,25,30,35,37,73,120,210,230,250,250,250,792,0,26,48.022364166705174,7.007749998592772,824.5188750006491,99252.45707070707
1771801815,25,GET,/tools.descartes.teastore.webui/category?category=[id]&page=[n],10.800000,0.000000,21,26,28,33,52,150,180,190,220,220,220,426,0,22,43.47130076533864,15.02466600140906,815.1907909996225,117187.30516431924
1771801815,25,GET,/tools.descartes.teastore.webui/home,3.500000,0.000000,11,13,22,26,32,100,120,120,120,120,120,164,0,12,22.6803002866823,7.007749998592772,362.83962500237976,8905.0
1771801815,25,GET,/tools.descartes.teastore.webui/product?id=[id],4.700000,0.000000,35,50,56,72,96,210,250,250,250,250,250,221,0,39,73.71226699083658,23.37683299992932,824.5188750006491,133241.5339366516
1771801815,25,,Aggregated,19.000000,0.000000,23,29,34,37,73,120,210,230,250,250,250,811,0,26,47.507711933446416,7.007749998592772,824.5188750006491,99665.34032059186
1771801816,25,GET,/tools.descartes.teastore.webui/category?category=[id]&page=[n],11.300000,0.000000,20,25,27,30,53,150,180,190,220,220,220,430,0,22,43.27074031170077,15.02466600140906,815.1907909996225,117239.43488372093
1771801816,25,GET,/tools.descartes.teastore.webui/home,3.400000,0.000000,11,13,22,25,32,100,120,120,120,120,120,169,0,12,22.464666899492393,7.007749998592772,362.83962500237976,8905.0
1771801816,25,GET,/tools.descartes.teastore.webui/product?id=[id],4.500000,0.000000,34,50,56,63,96,210,250,250,250,250,250,226,0,39,72.96507045124342,23.37683299992932,824.5188750006491,133134.6017699115
1771801816,25,,Aggregated,19.200000,0.000000,23,28,34,39,72,120,210,230,250,250,250,825,0,26,47.143094499426134,7.007749998592772,824.5188750006491,99401.60242424242
1771801817,25,GET,/tools.descartes.teastore.webui/category?category=[id]&page=[n],11.400000,0.000000,21,25,27,36,83,150,180,190,220,220,220,441,0,22,43.49674121097238,15.02466600140906,815.1907909996225,117322.9954648526
1771801817,25,GET,/tools.descartes.teastore.webui/home,3.400000,0.000000,11,13,16,25,29,100,120,120,120,120,120,173,0,12,22.22756670529781,7.007749998592772,362.83962500237976,8905.0
1771801817,25,GET,/tools.descartes.teastore.webui/product?id=[id],4.700000,0.000000,34,42,51,56,96,210,250,250,250,250,250,234,0,39,71.82671582897736,23.37683299992932,824.5188750006491,133052.87179487178
1771801817,25,,Aggregated,19.500000,0.000000,24,29,36,40,73,120,210,230,250,250,250,848,0,26,46.97509837032552,7.007749998592772,824.5188750006491,99545.2570754717
1771801818,25,GET,/tools.descartes.teastore.webui/category?category=[id]&page=[n],11.500000,0.000000,21,25,27,34,55,110,180,190,220,220,220,451,0,22,42.99107815975069,15.02466600140906,815.1907909996225,117579.56319290465
1771801818,25,GET,/tools.descartes.teastore.webui/home,3.400000,0.000000,11,13,16,25,29,100,120,120,120,120,120,176,0,12,22.03741950010722,7.007749998592772,362.83962500237976,8905.0
1771801818,25,GET,/tools.descartes.teastore.webui/product?id=[id],4.700000,0.000000,33,39,50,54,72,98,250,250,250,250,250,239,0,39,70.91772507939602,23.37683299992932,824.5188750006491,132944.77824267783
1771801818,25,,Aggregated,19.600000,0.000000,24,28,34,36,61,100,190,230,250,250,250,866,0,26,46.439836461942356,7.007749998592772,824.5188750006491,99733.79330254042
1771801819,25,GET,/tools.descartes.teastore.webui/category?category=[id]&page=[n],10.700000,0.000000,21,24,26,27,40,72,110,150,150,150,150,463,0,22,42.5612828510735,15.02466600140906,815.1907909996225,117525.66306695464
1771801819,25,GET,/tools.descartes.teastore.webui/home,3.700000,0.000000,10,12,13,16,25,29,32,32,32,32,32,178,0,11,21.88793280910932,7.007749998592772,362.83962500237976,8905.0
1771801819,25,GET,/tools.descartes.teastore.webui/product?id=[id],4.700000,0.000000,33,36,42,48,56,61,96,96,96,96,96,244,0,38,70.1834732007243,23.37683299992932,824.5188750006491,133132.82786885247
1771801819,25,,Aggregated,19.100000,0.000000,23,27,31,33,46,61,100,150,150,150,150,885,0,26,46.0188626678477,7.007749998592772,824.5188750006491,99981.78757062147
1771801820,25,GET,/tools.descartes.teastore.webui/category?category=[id]&page=[n],11.000000,0.000000,21,25,27,33,55,150,170,170,170,170,170,469,0,22,43.25322468239411,15.02466600140906,815.1907909996225,117489.17270788913
1771801820,25,GET,/tools.descartes.teastore.webui/home,3.400000,0.000000,11,15,22,25,32,84,93,93,93,93,93,182,0,12,22.74856340673168,7.007749998592772,362.83962500237976,8905.0
1771801820,25,GET,/tools.descartes.teastore.webui/product?id=[id],4.900000,0.000000,34,42,48,51,61,200,350,400,400,400,400,253,0,39,72.35421048214265,23.37683299992932,824.5188750006491,132914.10276679843
1771801820,25,,Aggregated,19.300000,0.000000,25,30,34,38,56,100,170,350,400,400,400,904,0,26,47.26948691155984,7.007749998592772,824.5188750006491,99945.13274336283
1771801821,25,GET,/tools.descartes.teastore.webui/category?category=[id]&page=[n],10.600000,0.000000,22,26,32,37,60,150,170,170,170,170,170,477,0,23,43.182293677243905,15.02466600140906,815.1907909996225,117336.8784067086
1771801821,25,GET,/tools.descartes.teastore.webui/home,3.500000,0.000000,12,18,25,26,32,84,93,93,93,93,93,184,0,12,22.793060907746543,7.007749998592772,362.83962500237976,8905.0
1771801821,25,GET,/tools.descartes.teastore.webui/product?id=[id],5.100000,0.000000,35,46,54,58,96,200,350,400,400,400,400,259,0,39,72.41157932426054,23.37683299992932,824.5188750006491,132694.38223938225
1771801821,25,,Aggregated,19.200000,0.000000,26,33,38,45,66,100,170,350,400,400,400,920,0,26,47.33312645223281,7.007749998592772,824.5188750006491,99973.97391304348
1771801822,25,GET,/tools.descartes.teastore.webui/category?category=[id]&page=[n],10.500000,0.000000,23,26,35,40,59,100,170,170,170,170,170,485,0,23,43.18287680627653,15.02466600140906,815.1907909996225,117346.80618556701
1771801822,25,GET,/tools.descartes.teastore.webui/home,3.500000,0.000000,11,15,18,22,31,84,93,93,93,93,93,188,0,12,22.555163782058987,7.007749998592772,362.83962500237976,8905.0
1771801822,25,GET,/tools.descartes.teastore.webui/product?id=[id],4.700000,0.000000,36,46,55,61,96,200,350,400,400,400,400,267,0,39,71.6271718239328,23.37683299992932,824.5188750006491,132691.77528089887
1771801822,25,,Aggregated,18.700000,0.000000,26,33,40,46,66,98,170,350,400,400,400,940,0,26,47.13672438198007,7.007749998592772,824.5188750006491,100017.06914893616
1771801823,25,GET,/tools.descartes.teastore.webui/category?category=[id]&page=[n],10.100000,0.000000,24,27,37,45,60,100,170,170,170,170,170,495,0,23,42.88090109302441,15.02466600140906,815.1907909996225,117242.27676767677
1771801823,25,GET,/tools.descartes.teastore.webui/home,3.400000,0.000000,11,15,16,22,31,84,93,93,93,93,93,191,0,12,22.38294982213234,7.007749998592772,362.83962500237976,8905.0
1771801823,25,GET,/tools.descartes.teastore.webui/product?id=[id],5.200000,0.000000,37,47,52,61,96,200,350,400,400,400,400,270,0,39,71.2859046370054,23.37683299992932,824.5188750006491,132696.86666666667
1771801823,25,,Aggregated,18.700000,0.000000,26,35,42,47,66,98,170,350,400,400,400,956,0,26,46.80793275006885,7.007749998592772,824.5188750006491,99962.27615062761
1771801824,25,GET,/tools.descartes.teastore.webui/category?category=[id]&page=[n],10.300000,0.000000,25,33,37,42,59,100,170,170,170,170,170,507,0,23,42.51472805529965,15.02466600140906,815.1907909996225,117254.70808678502
1771801824,25,GET,/tools.descartes.teastore.webui/home,3.400000,0.000000,12,15,18,22,31,84,93,93,93,93,93,194,0,12,22.214427402189163,7.007749998592772,362.83962500237976,8905.0
1771801824,25,GET,/tools.descartes.teastore.webui/product?id=[id],5.700000,0.000000,38,47,52,58,87,200,350,400,400,400,400,277,0,39,70.38815583751253,23.37683299992932,824.5188750006491,132433.07220216608
1771801824,25,,Aggregated,19.400000,0.000000,28,36,43,47,66,99,170,350,400,400,400,978,0,26,46.38250021171021,7.007749998592772,824.5188750006491,100061.01022494887
1771801825,25,GET,/tools.descartes.teastore.webui/category?category=[id]&page=[n],9.500000,0.000000,26,33,40,45,60,100,170,170,170,170,170,514,0,23,42.3246858775162,15.02466600140906,815.1907909996225,117193.87354085603
1771801825,25,GET,/tools.descartes.teastore.webui/home,3.600000,0.000000,13,15,20,22,31,84,93,93,93,93,93,198,0,12,22.107909712271653,7.007749998592772,362.83962500237976,8905.0
1771801825,25,GET,/tools.descartes.teastore.webui/product?id=[id],6.000000,0.000000,37,46,50,52,87,200,350,400,400,400,400,281,0,39,69.9137290925059,23.37683299992932,824.5188750006491,132374.5587188612
1771801825,25,,Aggregated,19.100000,0.000000,28,36,43,47,66,99,170,350,400,400,400,993,0,26,46.100717562001286,7.007749998592772,824.5188750006491,99897.37361530715
1771801826,25,GET,/tools.descartes.teastore.webui/category?category=[id]&page=[n],9.400000,0.000000,27,35,45,49,85,140,170,170,170,170,170,524,0,23,42.81400707642546,15.02466600140906,815.1907909996225,117308.62404580152
1771801826,25,GET,/tools.descartes.teastore.webui/home,3.300000,0.000000,15,20,31,43,72,85,93,93,93,93,93,205,0,12,22.856110965984975,7.007749998592772,362.83962500237976,8905.0
1771801826,25,GET,/tools.descartes.teastore.webui/product?id=[id],5.900000,0.000000,40,50,58,73,100,200,350,400,400,400,400,287,0,39,70.35137485712362,23.37683299992932,824.5188750006491,132548.5261324042
1771801826,25,,Aggregated,18.600000,0.000000,30,40,48,52,90,120,170,350,400,400,400,1016,0,27,46.56583370085466,7.007749998592772,824.5188750006491,99740.81791338582
1771801827,25,GET,/tools.descartes.teastore.webui/category?category=[id]&page=[n],9.100000,0.000000,27,33,42,46,74,140,170,170,170,170,170,527,0,23,42.72583760160572,15.02466600140906,815.1907909996225,117230.82542694497
1771801827,25,GET,/tools.descartes.teastore.webui/home,3.200000,0.000000,15,25,43,50,85,480,610,610,610,610,610,207,0,12,27.886117942141823,7.007749998592772,608.4817909977573,8905.0
1771801827,25,GET,/tools.descartes.teastore.webui/product?id=[id],5.900000,0.000000,40,47,58,82,100,200,350,400,400,400,400,289,0,39,70.12835063665787,23.37683299992932,824.5188750006491,132502.9965397924
1771801827,25,,Aggregated,18.200000,0.000000,31,40,47,52,93,160,350,480,610,610,610,1023,0,27,47.46435597660186,7.007749998592772,824.5188750006491,99625.94916911046
1771801828,25,GET,/tools.descartes.teastore.webui/category?category=[id]&page=[n],9.100000,0.000000,33,49,85,170,480,610,820,890,890,890,890,544,0,24,55.99345603317996,15.02466600140906,891.6913749999367,117454.26838235294
1771801828,25,GET,/tools.descartes.teastore.webui/home,3.600000,0.000000,18,31,50,84,450,480,610,610,610,610,610,210,0,12,31.924146014405,7.007749998592772,608.4817909977573,8905.0
1771801828,25,GET,/tools.descartes.teastore.webui/product?id=[id],5.800000,0.000000,45,58,94,100,400,560,780,1000,1000,1000,1000,295,0,39,80.18238107794433,23.37683299992932,1007.7740420019836,132515.1220338983
1771801828,25,,Aggregated,18.500000,0.000000,37,50,84,100,450,590,780,890,1000,1000,1000,1049,0,27,57.977419602543875,7.007749998592772,1007.7740420019836,99959.1353670162
1771801829,25,GET,/tools.descartes.teastore.webui/category?category=[id]&page=[n],9.400000,0.000000,33,48,80,150,480,610,820,890,890,890,890,551,0,23,55.55739549010085,15.02466600140906,891.6913749999367,117418.31578947368
1771801829,25,GET,/tools.descartes.teastore.webui/home,3.400000,0.000000,16,25,43,50,450,480,610,610,610,610,610,215,0,12,31.479064135004762,7.007749998592772,608.4817909977573,8905.0
1771801829,25,GET,/tools.descartes.teastore.webui/product?id=[id],6.000000,0.000000,43,58,94,99,400,560,780,1000,1000,1000,1000,301,0,39,79.42845307971642,23.37683299992932,1007.7740420019836,132577.80398671096
1771801829,25,,Aggregated,18.800000,0.000000,36,48,74,98,450,590,780,890,1000,1000,1000,1067,0,27,57.439632690783725,7.007749998592772,1007.7740420019836,99829.41518275539
1771801830,25,GET,/tools.descartes.teastore.webui/category?category=[id]&page=[n],8.800000,0.000000,27,45,60,90,410,610,820,890,890,890,890,562,0,23,54.844665923550714,15.02466600140906,891.6913749999367,117590.77224199288
1771801830,25,GET,/tools.descartes.teastore.webui/home,3.300000,0.000000,15,22,31,50,450,480,610,610,610,610,610,217,0,12,31.277430285836466,7.007749998592772,608.4817909977573,8905.0
1771801830,25,GET,/tools.descartes.teastore.webui/product?id=[id],5.700000,0.000000,39,55,82,96,120,560,780,1000,1000,1000,1000,309,0,39,78.39232713591262,23.37683299992932,1007.7740420019836,132460.35922330097
1771801830,25,,Aggregated,17.800000,0.000000,33,45,60,85,410,560,780,890,1000,1000,1000,1088,0,27,56.8319243621866,7.007749998592772,1007.7740420019836,100136.6268382353
1771801831,25,GET,/tools.descartes.teastore.webui/category?category=[id]&page=[n],9.000000,0.000000,26,35,51,140,480,610,820,890,890,890,890,573,0,23,54.3845245742339,15.02466600140906,891.6913749999367,117619.38045375218
1771801831,25,GET,/tools.descartes.teastore.webui/home,3.400000,0.000000,15,20,31,50,450,480,610,610,610,610,610,219,0,12,31.079946908791236,7.007749998592772,608.4817909977573,8905.0
1771801831,25,GET,/tools.descartes.teastore.webui/product?id=[id],5.500000,0.000000,39,50,68,87,120,560,780,1000,1000,1000,1000,311,0,39,78.32946476847168,23.37683299992932,1007.7740420019836,132513.12861736334
1771801831,25,,Aggregated,17.900000,0.000000,29,39,52,85,450,590,780,890,1000,1000,1000,1103,0,27,56.50888893658749,7.007749998592772,1007.7740420019836,100233.62012692656
1771801832,25,GET,/tools.descartes.teastore.webui/category?category=[id]&page=[n],8.800000,0.000000,26,35,69,130,410,610,820,890,890,890,890,582,0,23,54.17300930763379,15.02466600140906,891.6913749999367,117674.50171821305
1771801832,25,GET,/tools.descartes.teastore.webui/home,3.700000,0.000000,13,20,43,50,450,480,610,610,610,610,610,225,0,12,30.732596840098267,7.007749998592772,608.4817909977573,8905.0
1771801832,25,GET,/tools.descartes.teastore.webui/product?id=[id],5.900000,0.000000,37,50,73,96,480,560,1000,1000,1000,1000,1000,318,0,39,77.60849345910665,22.092584000347415,1007.7740420019836,132223.05660377358
1771801832,25,,Aggregated,18.400000,0.000000,28,37,64,90,450,590,780,890,1000,1000,1000,1125,0,27,56.109357000943014,7.007749998592772,1007.7740420019836,100032.99288888888
1771801833,25,GET,/tools.descartes.teastore.webui/category?category=[id]&page=[n],9.500000,0.000000,26,37,80,130,410,610,820,890,890,890,890,590,0,23,53.841783333978206,15.02466600140906,891.6913749999367,117698.91016949153
1771801833,25,GET,/tools.descartes.teastore.webui/home,3.500000,0.000000,13,16,31,50,450,480,610,610,610,610,610,231,0,12,30.258540216545086,7.007749998592772,608.4817909977573,8905.0
1771801833,25,GET,/tools.descartes.teastore.webui/product?id=[id],5.600000,0.000000,37,46,73,96,480,560,1000,1000,1000,1000,1000,320,0,39,77.38596159687177,22.092584000347415,1007.7740420019836,132136.5125
1771801833,25,,Aggregated,18.600000,0.000000,27,38,64,90,450,590,780,890,1000,1000,1000,1141,0,26,55.67036167227697,7.007749998592772,1007.7740420019836,99722.25766871165
1771801834,25,GET,/tools.descartes.teastore.webui/category?category=[id]&page=[n],9.200000,0.000000,27,48,110,150,410,610,820,890,890,890,890,603,0,23,54.517271417995715,15.02466600140906,891.6913749999367,117698.77611940299
1771801834,25,GET,/tools.descartes.teastore.webui/home,3.600000,0.000000,15,20,31,50,450,480,610,610,610,610,610,233,0,12,30.16502985845309,7.007749998592772,608.4817909977573,8905.0
1771801834,25,GET,/tools.descartes.teastore.webui/product?id=[id],5.300000,0.000000,43,68,87,100,480,560,1000,1000,1000,1000,1000,328,0,39,77.06997027744586,22.092584000347415,1007.7740420019836,132050.4512195122
1771801834,25,,Aggregated,18.100000,0.000000,33,48,80,100,410,560,780,890,1000,1000,1000,1164,0,27,55.99769490813851,7.007749998592772,1007.7740420019836,99965.44243986254
1771801835,25,GET,/tools.descartes.teastore.webui/category?category=[id]&page=[n],9.400000,0.000000,25,41,85,150,410,610,820,890,890,890,890,612,0,23,54.06690516021888,15.02466600140906,891.6913749999367,117790.5
1771801835,25,GET,/tools.descartes.teastore.webui/home,3.900000,0.000000,13,16,19,20,450,480,610,610,610,610,610,236,0,12,29.92668961446648,7.007749998592772,608.4817909977573,8905.0
1771801835,25,GET,/tools.descartes.teastore.webui/product?id=[id],5.100000,0.000000,42,66,71,94,480,560,1000,1000,1000,1000,1000,333,0,39,76.58609910509773,22.092584000347415,1007.7740420019836,132014.9099099099
1771801835,25,,Aggregated,18.400000,0.000000,28,42,68,94,450,590,780,890,1000,1000,1000,1181,0,27,55.592561989047915,7.007749998592772,1007.7740420019836,100042.61727349703
1771801836,25,GET,/tools.descartes.teastore.webui/category?category=[id]&page=[n],9.500000,0.000000,25,41,69,150,410,610,820,890,890,890,890,619,0,23,53.71867649604807,15.02466600140906,891.6913749999367,117710.19547657511
1771801836,25,GET,/tools.descartes.teastore.webui/home,4.000000,0.000000,11,15,16,20,450,480,610,610,610,610,610,243,0,12,29.40839265851417,7.007749998592772,608.4817909977573,8905.0
1771801836,25,GET,/tools.descartes.teastore.webui/product?id=[id],5.000000,0.000000,39,56,68,71,480,560,1000,1000,1000,1000,1000,338,0,39,75.95344921891727,22.092584000347415,1007.7740420019836,132256.50591715975
1771801836,25,,Aggregated,18.500000,0.000000,26,39,61,87,450,590,780,890,1000,1000,1000,1200,0,27,55.05863833588895,7.007749998592772,1007.7740420019836,99774.35416666667
1771801837,25,GET,/tools.descartes.teastore.webui/category?category=[id]&page=[n],9.800000,0.000000,23,32,41,65,190,530,820,890,890,890,890,631,0,23,53.159227286934865,15.02466600140906,891.6913749999367,117784.04912836767
1771801837,25,GET,/tools.descartes.teastore.webui/home,3.800000,0.000000,11,13,16,19,24,450,460,460,460,460,460,247,0,12,29.17836976932729,7.007749998592772,608.4817909977573,8905.0
1771801837,25,GET,/tools.descartes.teastore.webui/product?id=[id],5.200000,0.000000,39,52,66,68,96,150,780,1000,1000,1000,1000,347,0,39,75.36123331697166,22.092584000347415,1007.7740420019836,132037.81556195967
1771801837,25,,Aggregated,18.800000,0.000000,25,36,43,59,150,450,780,890,1000,1000,1000,1225,0,27,54.61296139760727,7.007749998592772,1007.7740420019836,99868.07510204082
1771801838,25,GET,/tools.descartes.teastore.webui/category?category=[id]&page=[n],9.400000,0.000000,23,26,32,37,69,130,190,190,190,190,190,638,0,23,53.02431713957915,15.02466600140906,891.6913749999367,117730.69592476489
1771801838,25,GET,/tools.descartes.teastore.webui/home,3.400000,0.000000,11,13,13,16,20,24,61,61,61,61,61,253,0,12,28.820435272820415,7.007749998592772,608.4817909977573,8905.0
1771801838,25,GET,/tools.descartes.teastore.webui/product?id=[id],5.200000,0.000000,38,52,63,68,87,100,130,150,150,150,150,352,0,39,75.1784684005398,22.092584000347415,1007.7740420019836,131836.44602272726
1771801838,25,,Aggregated,18.000000,0.000000,25,33,38,43,68,96,150,190,190,190,190,1243,0,27,54.37160525829853,7.007749998592772,1007.7740420019836,99574.8817377313
1771801839,25,GET,/tools.descartes.teastore.webui/category?category=[id]&page=[n],9.300000,0.000000,23,28,33,38,69,130,190,190,190,190,190,650,0,23,52.52704770008187,14.777292002690956,891.6913749999367,117675.8723076923
1771801839,25,GET,/tools.descartes.teastore.webui/home,3.900000,0.000000,11,13,15,16,21,28,61,61,61,61,61,254,0,12,28.84179461425375,7.007749998592772,608.4817909977573,8905.0
1771801839,25,GET,/tools.descartes.teastore.webui/product?id=[id],5.000000,0.000000,43,52,63,68,77,100,130,150,150,150,150,357,0,39,74.75665115122332,22.092584000347415,1007.7740420019836,131855.95518207282
1771801839,25,,Aggregated,18.200000,0.000000,25,36,41,47,68,96,150,190,190,190,190,1261,0,27,54.049580728041555,7.007749998592772,1007.7740420019836,99780.93814432989
1771801840,25,GET,/tools.descartes.teastore.webui/category?category=[id]&page=[n],9.900000,0.000000,24,28,33,38,65,130,190,190,190,190,190,658,0,23,52.197557756928546,14.777292002690956,891.6913749999367,117653.84498480243
1771801840,25,GET,/tools.descartes.teastore.webui/home,4.200000,0.000000,11,13,15,16,24,34,61,61,61,61,61,256,0,12,28.712829261806405,7.007749998592772,608.4817909977573,8905.0
1771801840,25,GET,/tools.descartes.teastore.webui/product?id=[id],5.600000,0.000000,43,52,60,68,77,100,130,150,150,150,150,364,0,39,74.21904018677766,22.092584000347415,1007.7740420019836,131793.4065934066
1771801840,25,,Aggregated,19.700000,0.000000,25,36,41,44,68,96,150,190,190,190,190,1278,0,27,53.76542091006924,7.007749998592772,1007.7740420019836,99897.26917057903
1771801841,25,GET,/tools.descartes.teastore.webui/category?category=[id]&page=[n],9.700000,0.000000,25,31,36,41,92,150,190,310,310,310,310,659,0,23,52.594349145765975,14.777292002690956,891.6913749999367,117661.51138088013
1771801841,25,GET,/tools.descartes.teastore.webui/home,4.300000,0.000000,13,15,20,24,140,310,320,320,320,320,320,260,0,12,32.08227852316598,7.007749998592772,608.4817909977573,8905.0
1771801841,25,GET,/tools.descartes.teastore.webui/product?id=[id],5.800000,0.000000,43,52,60,66,73,100,130,150,150,150,150,364,0,39,74.21904018677766,22.092584000347415,1007.7740420019836,131793.4065934066
1771801841,25,,Aggregated,19.800000,0.000000,27,37,43,52,81,150,230,310,320,320,320,1283,0,27,54.57271950979735,7.007749998592772,1007.7740420019836,99631.36087295401
1771801842,25,GET,/tools.descartes.teastore.webui/category?category=[id]&page=[n],9.800000,0.000000,27,38,65,150,910,1000,1200,1200,1200,1200,1200,673,0,24,70.84088317839327,14.777292002690956,1234.3021670021699,117757.89004457652
1771801842,25,GET,/tools.descartes.teastore.webui/home,3.900000,0.000000,15,24,140,310,710,790,820,820,820,820,820,266,0,12,46.699690627899415,7.007749998592772,818.2796250002866,8905.0
1771801842,25,GET,/tools.descartes.teastore.webui/product?id=[id],5.500000,0.000000,47,59,68,71,130,1300,1400,1400,1400,1400,1400,368,0,40,87.90353239125737,22.092584000347415,1388.3146249972924,131801.98913043478
1771801842,25,,Aggregated,19.200000,0.000000,33,44,68,100,760,1000,1300,1300,1400,1400,1400,1307,0,27,70.7318531033379,7.007749998592772,1388.3146249972924,99558.47130833971
1771801843,25,GET,/tools.descartes.teastore.webui/category?category=[id]&page=[n],9.200000,0.000000,27,37,92,190,910,1000,1200,1200,1200,1200,1200,678,0,24,70.50973236881414,14.777292002690956,1234.3021670021699,117770.24631268436
1771801843,25,GET,/tools.descartes.teastore.webui/home,3.900000,0.000000,14,24,140,310,710,790,820,820,820,820,820,269,0,12,46.33511569896032,7.007749998592772,818.2796250002866,8905.0
1771801843,25,GET,/tools.descartes.teastore.webui/product?id=[id],5.400000,0.000000,47,56,66,69,130,1300,1400,1400,1400,1400,1400,371,0,40,87.5120147196318,22.092584000347415,1388.3146249972924,131882.63342318058
1771801843,25,,Aggregated,18.500000,0.000000,33,44,68,110,760,1000,1300,1300,1400,1400,1400,1318,0,27,70.36168598638825,7.007749998592772,1388.3146249972924,99523.61836115326
1771801844,25,GET,/tools.descartes.teastore.webui/category?category=[id]&page=[n],8.400000,0.000000,25,31,38,92,920,1200,1200,1200,1200,1200,1200,684,0,24,70.06362720037102,14.777292002690956,1234.3021670021699,117664.43859649122
1771801844,25,GET,/tools.descartes.teastore.webui/home,4.000000,0.000000,13,23,34,230,540,730,820,820,820,820,820,274,0,12,45.776685062112044,7.007749998592772,818.2796250002866,8905.0
1771801844,25,GET,/tools.descartes.teastore.webui/product?id=[id],5.100000,0.000000,41,52,60,73,130,1300,1400,1400,1400,1400,1400,380,0,39,86.3917916762818,22.092584000347415,1388.3146249972924,131934.0894736842
1771801844,25,,Aggregated,17.500000,0.000000,29,38,52,80,790,1000,1300,1300,1400,1400,1400,1338,0,27,69.72736438644212,7.007749998592772,1388.3146249972924,99444.99252615844
1771801845,25,GET,/tools.descartes.teastore.webui/category?category=[id]&page=[n],9.300000,0.000000,25,31,38,92,920,1200,1200,1200,1200,1200,1200,692,0,24,69.49291384545161,14.001542000187328,1234.3021670021699,117597.85838150288
1771801845,25,GET,/tools.descartes.teastore.webui/home,3.800000,0.000000,14,24,140,310,710,790,820,820,820,820,820,276,0,12,45.569689003692154,7.007749998592772,818.2796250002866,8905.0
1771801845,25,GET,/tools.descartes.teastore.webui/product?id=[id],4.900000,0.000000,36,48,54,63,96,1300,1300,1400,1400,1400,1400,392,0,39,84.61180135454738,21.582417000900023,1388.3146249972924,131953.98469387754
1771801845,25,,Aggregated,18.000000,0.000000,28,36,52,76,760,1000,1300,1300,1400,1400,1400,1360,0,27,68.99570343901038,7.007749998592772,1388.3146249972924,99677.54411764706
1771801846,25,GET,/tools.descartes.teastore.webui/category?category=[id]&page=[n],8.400000,0.000000,25,31,38,92,920,1200,1200,1200,1200,1200,1200,699,0,24,69.02180341925427,14.001542000187328,1234.3021670021699,117635.10443490701
1771801846,25,GET,/tools.descartes.teastore.webui/home,4.000000,0.000000,16,28,230,320,710,790,820,820,820,820,820,278,0,12,45.32983047847796,7.007749998592772,818.2796250002866,8905.0
1771801846,25,GET,/tools.descartes.teastore.webui/product?id=[id],5.300000,0.000000,35,44,52,55,77,1300,1300,1400,1400,1400,1400,400,0,38,83.43390959494172,21.582417000900023,1388.3146249972924,131804.15
1771801846,25,,Aggregated,17.700000,0.000000,28,36,52,76,760,1000,1300,1300,1400,1400,1400,1377,0,27,68.42519774949332,7.007749998592772,1388.3146249972924,99799.70079883805
1771801847,25,GET,/tools.descartes.teastore.webui/category?category=[id]&page=[n],8.000000,0.000000,22,31,37,81,910,1000,1200,1200,1200,1200,1200,712,0,23,68.07006356187772,14.001542000187328,1234.3021670021699,117528.62921348315
1771801847,25,GET,/tools.descartes.teastore.webui/home,4.200000,0.000000,13,28,230,320,710,790,820,820,820,820,820,284,0,12,44.56980647542032,6.974624997383216,818.2796250002866,8905.0
1771801847,25,GET,/tools.descartes.teastore.webui/product?id=[id],5.300000,0.000000,34,41,48,54,80,1300,1300,1400,1400,1400,1400,403,0,38,83.03046258555398,21.582417000900023,1388.3146249972924,131751.111662531
1771801847,25,,Aggregated,17.500000,0.000000,26,34,44,73,760,1000,1300,1300,1400,1400,1400,1399,0,26,67.60899693856652,6.974624997383216,1388.3146249972924,99574.76912080057
1771801848,25,GET,/tools.descartes.teastore.webui/category?category=[id]&page=[n],8.100000,0.000000,21,28,37,41,920,1200,1200,1200,1200,1200,1200,718,0,23,67.69090820203235,14.001542000187328,1234.3021670021699,117574.28551532033
1771801848,25,GET,/tools.descartes.teastore.webui/home,4.000000,0.000000,13,22,230,310,710,790,820,820,820,820,820,290,0,12,43.88710890007446,6.974624997383216,818.2796250002866,8905.0
1771801848,25,GET,/tools.descartes.teastore.webui/product?id=[id],5.700000,0.000000,31,35,42,47,76,1300,1300,1400,1400,1400,1400,410,0,38,82.1059876145893,21.582417000900023,1388.3146249972924,131833.6
1771801848,25,,Aggregated,17.800000,0.000000,25,31,39,55,790,1000,1300,1300,1400,1400,1400,1418,0,26,66.99068306915545,6.974624997383216,1388.3146249972924,99472.89351198872
1771801849,25,GET,/tools.descartes.teastore.webui/category?category=[id]&page=[n],8.100000,0.000000,20,26,32,310,920,1200,1200,1200,1200,1200,1200,726,0,23,67.15087586785019,14.001542000187328,1234.3021670021699,117471.57851239669
1771801849,25,GET,/tools.descartes.teastore.webui/home,3.500000,0.000000,13,22,140,310,710,790,820,820,820,820,820,294,0,12,43.48684353068648,6.974624997383216,818.2796250002866,8905.0
1771801849,25,GET,/tools.descartes.teastore.webui/product?id=[id],6.100000,0.000000,29,34,37,42,76,1300,1300,1400,1400,1400,1400,415,0,38,81.47608896862774,21.582417000900023,1388.3146249972924,131946.0096385542
1771801849,25,,Aggregated,17.700000,0.000000,24,29,37,54,790,1000,1300,1300,1400,1400,1400,1435,0,26,66.4454667596248,6.974624997383216,1388.3146249972924,99414.6550522648
1771801850,25,GET,/tools.descartes.teastore.webui/category?category=[id]&page=[n],8.100000,0.000000,19,24,32,310,920,1200,1200,1200,1200,1200,1200,733,0,23,66.68243844347053,14.001542000187328,1234.3021670021699,117625.33560709414
1771801850,25,GET,/tools.descartes.teastore.webui/home,3.600000,0.000000,13,22,140,310,710,790,820,820,820,820,820,295,0,12,43.3685355865144,6.974624997383216,818.2796250002866,8905.0
1771801850,25,GET,/tools.descartes.teastore.webui/product?id=[id],5.600000,0.000000,28,31,35,37,73,1300,1300,1400,1400,1400,1400,427,0,37,79.91933051517499,21.582417000900023,1388.3146249972924,131866.08899297423
1771801850,25,,Aggregated,17.300000,0.000000,24,28,32,37,760,1000,1300,1300,1400,1400,1400,1455,0,26,65.84020584678032,6.974624997383216,1388.3146249972924,99761.62611683848
1771801851,25,GET,/tools.descartes.teastore.webui/category?category=[id]&page=[n],7.600000,0.000000,20,27,66,94,910,1000,1200,1200,1200,1200,1200,743,0,23,66.97851940653703,13.123958000505809,1234.3021670021699,117652.10901749664
1771801851,25,GET,/tools.descartes.teastore.webui/home,3.600000,0.000000,13,17,24,28,710,790,820,820,820,820,820,297,0,12,43.35065515495977,6.974624997383216,818.2796250002866,8905.0
1771801851,25,GET,/tools.descartes.teastore.webui/product?id=[id],5.700000,0.000000,27,31,34,37,170,1300,1300,1400,1400,1400,1400,433,0,37,80.71841888908256,20.64812499884283,1388.3146249972924,131936.62817551964
1771801851,25,,Aggregated,16.900000,0.000000,24,28,34,55,730,1000,1300,1300,1400,1400,1400,1473,0,26,66.2534011398865,6.974624997383216,1388.3146249972924,99924.54989816701
1771801852,25,GET,/tools.descartes.teastore.webui/category?category=[id]&page=[n],7.600000,0.000000,19,20,25,26,66,93,140,260,260,260,260,743,0,23,66.97851940653703,13.123958000505809,1234.3021670021699,117652.10901749664
1771801852,25,GET,/tools.descartes.teastore.webui/home,3.600000,0.000000,12,13,17,17,24,28,54,54,54,54,54,297,0,12,43.35065515495977,6.974624997383216,818.2796250002866,8905.0
1771801852,25,GET,/tools.descartes.teastore.webui/product?id=[id],5.700000,0.000000,27,30,32,35,55,99,250,260,260,260,260,433,0,37,80.71841888908256,20.64812499884283,1388.3146249972924,131936.62817551964
1771801852,25,,Aggregated,16.900000,0.000000,23,26,28,31,43,86,170,260,260,260,260,1473,0,26,66.2534011398865,6.974624997383216,1388.3146249972924,99924.54989816701
1771801853,25,GET,/tools.descartes.teastore.webui/category?category=[id]&page=[n],7.600000,0.000000,18,20,24,27,66,93,140,260,260,260,260,743,0,23,66.97851940653703,13.123958000505809,1234.3021670021699,117652.10901749664
1771801853,25,GET,/tools.descartes.teastore.webui/home,3.600000,0.000000,12,13,13,13,26,28,54,54,54,54,54,297,0,12,43.35065515495977,6.974624997383216,818.2796250002866,8905.0
1771801853,25,GET,/tools.descartes.teastore.webui/product?id=[id],5.700000,0.000000,26,29,31,34,54,170,250,260,260,260,260,433,0,37,80.71841888908256,20.64812499884283,1388.3146249972924,131936.62817551964
1771801853,25,,Aggregated,16.900000,0.000000,23,26,28,30,43,93,250,260,260,260,260,1473,0,26,66.2534011398865,6.974624997383216,1388.3146249972924,99924.54989816701
1771801854,25,GET,/tools.descartes.teastore.webui/category?category=[id]&page=[n],8.400000,0.000000,20,27,86,140,1900,2500,2800,3000,3000,3000,3000,756,0,23,101.37962026065526,13.123958000505809,2973.9479159979965,117597.04365079365
1771801854,25,GET,/tools.descartes.teastore.webui/home,3.700000,0.000000,13,17,28,54,2200,2400,2500,2500,2500,2500,2500,302,0,12,77.28429786098991,6.974624997383216,2491.1586659982277,8905.0
1771801854,25,GET,/tools.descartes.teastore.webui/product?id=[id],6.900000,0.000000,27,31,37,54,1500,2100,2300,2800,2800,2800,2800,440,0,38,110.51973343402841,20.64812499884283,2819.3500410015986,131922.42045454544
1771801854,25,,Aggregated,19.000000,0.000000,24,29,43,99,1900,2300,2700,2800,3000,3000,3000,1498,0,26,99.20663122967078,6.974624997383216,2973.9479159979965,99892.21628838452
1771801855,25,GET,/tools.descartes.teastore.webui/category?category=[id]&page=[n],6.800000,0.000000,20,28,86,260,2000,2500,2800,3000,3000,3000,3000,763,0,23,100.64654854921538,13.123958000505809,2973.9479159979965,117589.06028833552
1771801855,25,GET,/tools.descartes.teastore.webui/home,3.100000,0.000000,12,13,28,54,2200,2400,2500,2500,2500,2500,2500,303,0,12,77.07003408916117,6.974624997383216,2491.1586659982277,8905.0
1771801855,25,GET,/tools.descartes.teastore.webui/product?id=[id],6.500000,0.000000,28,35,43,170,1700,2100,2800,2800,2800,2800,2800,442,0,38,110.19807994790628,20.64812499884283,2819.3500410015986,131972.8438914027
1771801855,25,,Aggregated,16.400000,0.000000,24,31,54,140,2000,2300,2800,2800,3000,3000,3000,1508,0,26,98.70894443570407,6.974624997383216,2973.9479159979965,99967.28448275862
1771801856,25,GET,/tools.descartes.teastore.webui/category?category=[id]&page=[n],6.500000,0.000000,20,54,93,150,1900,2500,2800,3000,3000,3000,3000,777,0,23,99.91142530507649,13.123958000505809,2973.9479159979965,117737.85328185328
1771801856,25,GET,/tools.descartes.teastore.webui/home,2.600000,0.000000,12,17,30,54,2200,2400,2500,2500,2500,2500,2500,306,0,12,76.46857692163715,6.974624997383216,2491.1586659982277,8905.0
1771801856,25,GET,/tools.descartes.teastore.webui/product?id=[id],5.900000,0.000000,29,35,46,250,1700,2100,2800,2800,2800,2800,2800,445,0,37,109.62464251904422,20.64812499884283,2819.3500410015986,131930.94157303372
1771801856,25,,Aggregated,15.000000,0.000000,24,33,79,160,2000,2300,2800,2800,3000,3000,3000,1528,0,26,98.0455025661257,6.974624997383216,2973.9479159979965,100076.25065445027
1771801857,25,GET,/tools.descartes.teastore.webui/category?category=[id]&page=[n],7.100000,0.000000,27,79,150,250,1900,2500,2800,3000,3000,3000,3000,792,0,23,99.50544681570972,13.123958000505809,2973.9479159979965,117961.41792929293
1771801857,25,GET,/tools.descartes.teastore.webui/home,2.700000,0.000000,13,24,30,1200,2200,2400,2500,2500,2500,2500,2500,310,0,12,75.63203050006949,6.974624997383216,2491.1586659982277,8905.0
1771801857,25,GET,/tools.descartes.teastore.webui/product?id=[id],5.700000,0.000000,30,43,170,310,1700,2100,2800,2800,2800,2800,2800,453,0,37,110.46323731562065,20.64812499884283,2819.3500410015986,131788.84988962472
1771801857,25,,Aggregated,15.500000,0.000000,28,54,140,260,1900,2300,2700,2800,3000,3000,3000,1555,0,27,97.9383214386108,6.974624997383216,2973.9479159979965,100248.45144694534
1771801858,25,GET,/tools.descartes.teastore.webui/category?category=[id]&page=[n],7.200000,0.000000,25,79,140,170,1900,2300,2800,3000,3000,3000,3000,799,0,23,98.79993534172598,13.123958000505809,2973.9479159979965,117987.28285356695
1771801858,25,GET,/tools.descartes.teastore.webui/home,2.800000,0.000000,13,28,54,1200,2200,2400,2500,2500,2500,2500,2500,312,0,12,75.1928138237977,6.8998750030004885,2491.1586659982277,8905.0
1771801858,25,GET,/tools.descartes.teastore.webui/product?id=[id],5.100000,0.000000,30,43,170,310,1700,2100,2800,2800,2800,2800,2800,460,0,37,109.19630163691339,20.64812499884283,2819.3500410015986,131826.3260869565
1771801858,25,,Aggregated,15.100000,0.000000,27,54,140,260,1900,2300,2700,2800,3000,3000,3000,1571,0,26,97.1557001935354,6.8998750030004885,2973.9479159979965,100375.75366008912
1771801859,25,GET,/tools.descartes.teastore.webui/category?category=[id]&page=[n],7.700000,0.000000,25,79,140,170,1900,2300,2800,3000,3000,3000,3000,808,0,23,97.90005894806785,13.123958000505809,2973.9479159979965,117877.15841584158
1771801859,25,GET,/tools.descartes.teastore.webui/home,2.700000,0.000000,10,28,54,1200,2200,2400,2500,2500,2500,2500,2500,316,0,12,74.35268788297815,6.8998750030004885,2491.1586659982277,8905.0
1771801859,25,GET,/tools.descartes.teastore.webui/product?id=[id],4.700000,0.000000,30,46,250,310,1700,2100,2800,2800,2800,2800,2800,466,0,37,108.12936946134198,20.64812499884283,2819.3500410015986,131694.6094420601
1771801859,25,,Aggregated,15.100000,0.000000,27,66,150,260,2000,2300,2800,2800,3000,3000,3000,1590,0,26,96.21822840883351,6.8998750030004885,2973.9479159979965,100269.44150943396
1771801860,25,GET,/tools.descartes.teastore.webui/category?category=[id]&page=[n],8.000000,0.000000,25,68,110,160,1900,2300,2800,3000,3000,3000,3000,820,0,23,96.76187094029468,13.123958000505809,2973.9479159979965,117884.46951219512
1771801860,25,GET,/tools.descartes.teastore.webui/home,2.500000,0.000000,10,20,30,1200,2200,2400,2500,2500,2500,2500,2500,320,0,12,73.54241183443264,6.8998750030004885,2491.1586659982277,8905.0
1771801860,25,GET,/tools.descartes.teastore.webui/product?id=[id],5.000000,0.000000,33,99,260,340,1700,2100,2800,2800,2800,2800,2800,471,0,37,107.31475398724044,20.64812499884283,2819.3500410015986,131770.8195329087
1771801860,25,,Aggregated,15.500000,0.000000,28,54,140,260,1900,2300,2700,2800,3000,3000,3000,1611,0,26,95.2349814314403,6.8998750030004885,2973.9479159979965,100297.2818125388
1771801861,25,GET,/tools.descartes.teastore.webui/category?category=[id]&page=[n],8.200000,0.000000,23,54,94,150,1800,2300,2800,3000,3000,3000,3000,829,0,23,95.92235123165908,13.123958000505809,2973.9479159979965,117851.73823884198
1771801861,25,GET,/tools.descartes.teastore.webui/home,2.200000,0.000000,10,20,30,54,2200,2400,2500,2500,2500,2500,2500,321,0,12,73.35148337077503,6.8998750030004885,2491.1586659982277,8905.0
1771801861,25,GET,/tools.descartes.teastore.webui/product?id=[id],5.100000,0.000000,33,40,170,310,1700,2100,2800,2800,2800,2800,2800,478,0,37,106.25276578450448,20.64812499884283,2819.3500410015986,131861.61924686193
1771801861,25,,Aggregated,15.500000,0.000000,28,40,99,170,1900,2300,2700,2800,3000,3000,3000,1628,0,26,94.50508438455608,6.8998750030004885,2973.9479159979965,100483.69164619164
1771801862,25,GET,/tools.descartes.teastore.webui/category?category=[id]&page=[n],8.100000,0.000000,22,54,150,260,1800,2300,2800,3000,3000,3000,3000,835,0,23,98.51183119526414,13.123958000505809,2973.9479159979965,117831.75568862275
1771801862,25,GET,/tools.descartes.teastore.webui/home,2.200000,0.000000,10,20,240,390,2200,2400,2500,2500,2500,2500,2500,323,0,12,74.83102088550064,6.8998750030004885,2491.1586659982277,8905.0
1771801862,25,GET,/tools.descartes.teastore.webui/product?id=[id],4.700000,0.000000,31,38,46,340,1700,2100,2800,2800,2800,2800,2800,478,0,37,106.25276578450448,20.64812499884283,2819.3500410015986,131861.61924686193
1771801862,25,,Aggregated,15.000000,0.000000,27,39,150,340,1900,2300,2700,2800,3000,3000,3000,1636,0,26,96.09817899697762,6.8998750030004885,2973.9479159979965,100425.23533007335
1771801863,25,GET,/tools.descartes.teastore.webui/category?category=[id]&page=[n],8.700000,0.000000,23,58,150,260,1500,2200,2700,2800,3000,3000,3000,845,0,23,98.82024251366397,13.123958000505809,2973.9479159979965,117857.97869822485
1771801863,25,GET,/tools.descartes.teastore.webui/home,2.500000,0.000000,11,30,84,240,2100,2400,2500,2500,2500,2500,2500,328,0,12,74.3866854512728,6.8998750030004885,2491.1586659982277,8905.0
1771801863,25,GET,/tools.descartes.teastore.webui/product?id=[id],4.200000,0.000000,34,46,340,530,1500,2100,2300,2800,2800,2800,2800,488,0,37,112.00220005941416,20.64812499884283,2819.3500410015986,131742.05327868852
1771801863,25,,Aggregated,15.400000,0.000000,29,54,240,350,1700,2200,2700,2800,3000,3000,3000,1661,0,26,97.868158567765,6.8998750030004885,2973.9479159979965,100422.00722456351
1771801864,25,GET,/tools.descartes.teastore.webui/category?category=[id]&page=[n],8.600000,0.000000,19,27,46,72,240,490,550,620,620,620,620,855,0,23,97.8731284234506,13.123958000505809,2973.9479159979965,117844.2
1771801864,25,GET,/tools.descartes.teastore.webui/home,2.400000,0.000000,10,12,20,30,81,240,390,390,390,390,390,333,0,12,73.56210058263444,6.8998750030004885,2491.1586659982277,8905.0
1771801864,25,GET,/tools.descartes.teastore.webui/product?id=[id],4.500000,0.000000,33,38,41,110,370,580,650,870,870,870,870,492,0,37,111.37928506910035,20.64812499884283,2819.3500410015986,131734.39024390245
1771801864,25,,Aggregated,15.500000,0.000000,23,33,40,63,260,490,580,650,870,870,870,1680,0,26,97.0097098512291,6.8998750030004885,2973.9479159979965,100318.7357142857
1771801865,25,GET,/tools.descartes.teastore.webui/category?category=[id]&page=[n],9.400000,0.000000,19,23,44,58,170,350,530,550,620,620,620,866,0,23,96.8913051975205,13.123958000505809,2973.9479159979965,117850.44803695151
1771801865,25,GET,/tools.descartes.teastore.webui/home,2.800000,0.000000,9,10,12,20,81,240,390,390,390,390,390,335,0,12,73.1761440119872,6.8998750030004885,2491.1586659982277,8905.0
1771801865,25,GET,/tools.descartes.teastore.webui/product?id=[id],4.500000,0.000000,34,38,51,56,370,580,650,870,870,870,870,499,0,37,110.39799082164154,20.64812499884283,2819.3500410015986,131722.82164328656
1771801865,25,,Aggregated,16.700000,0.000000,23,33,41,56,260,490,580,650,870,870,870,1700,0,26,96.182632920628,6.8998750030004885,2973.9479159979965,100453.73588235294
1771801866,25,GET,/tools.descartes.teastore.webui/category?category=[id]&page=[n],10.300000,0.000000,18,23,31,44,240,490,550,620,620,620,620,876,0,23,96.04411759023584,13.123958000505809,2973.9479159979965,117804.49543378995
1771801866,25,GET,/tools.descartes.teastore.webui/home,3.100000,0.000000,9,10,12,20,81,240,390,390,390,390,390,339,0,12,72.4024021445955,6.749542000761721,2491.1586659982277,8905.0
1771801866,25,GET,/tools.descartes.teastore.webui/product?id=[id],5.500000,0.000000,34,38,42,51,340,580,650,870,870,870,870,506,0,37,109.40681572134528,20.64812499884283,2819.3500410015986,131567.3675889328
1771801866,25,,Aggregated,18.900000,0.000000,23,32,38,44,240,490,580,650,870,870,870,1721,0,26,95.31604305117094,6.749542000761721,2973.9479159979965,100400.12841371296
1771801867,25,GET,/tools.descartes.teastore.webui/category?category=[id]&page=[n],9.900000,0.000000,18,22,26,34,100,490,550,620,620,620,620,889,0,23,95.13478141174708,12.816208000003826,2973.9479159979965,117868.68728908886
1771801867,25,GET,/tools.descartes.teastore.webui/home,3.200000,0.000000,9,10,12,12,81,240,390,390,390,390,390,341,0,12,72.02177356309896,6.749542000761721,2491.1586659982277,8905.0
1771801867,25,GET,/tools.descartes.teastore.webui/product?id=[id],5.200000,0.000000,34,38,41,47,330,580,650,870,870,870,870,509,0,37,108.89770351277262,20.64812499884283,2819.3500410015986,131582.44007858547
1771801867,25,,Aggregated,18.300000,0.000000,22,31,37,40,100,490,580,650,870,870,870,1739,0,26,94.63092383442275,6.749542000761721,2973.9479159979965,100516.00345025877
1771801868,25,GET,/tools.descartes.teastore.webui/category?category=[id]&page=[n],10.100000,0.000000,18,22,26,34,100,490,550,620,620,620,620,896,0,22,94.5248915178963,12.816208000003826,2973.9479159979965,117807.31919642857
1771801868,25,GET,/tools.descartes.teastore.webui/home,3.200000,0.000000,9,10,12,12,81,240,390,390,390,390,390,346,0,12,71.11416821390708,6.749542000761721,2491.1586659982277,8905.0
1771801868,25,GET,/tools.descartes.teastore.webui/product?id=[id],5.600000,0.000000,34,38,41,47,330,580,650,870,870,870,870,514,0,37,108.0755565914421,20.64812499884283,2819.3500410015986,131509.49416342413
1771801868,25,,Aggregated,18.900000,0.000000,22,31,37,40,100,490,580,650,870,870,870,1756,0,26,93.87849720389985,6.749542000761721,2973.9479159979965,100360.11845102506
1771801869,25,GET,/tools.descartes.teastore.webui/category?category=[id]&page=[n],9.900000,0.000000,18,21,25,32,85,350,530,550,620,620,620,909,0,22,93.4315879274294,12.816208000003826,2973.9479159979965,117852.9504950495
1771801869,25,GET,/tools.descartes.teastore.webui/home,3.300000,0.000000,9,11,12,12,81,240,390,390,390,390,390,351,0,12,70.23087901998898,6.749542000761721,2491.1586659982277,8905.0
1771801869,25,GET,/tools.descartes.teastore.webui/product?id=[id],5.900000,0.000000,35,38,42,47,330,580,650,870,870,870,870,518,0,37,107.45014012934067,20.64812499884283,2819.3500410015986,131541.20463320464
1771801869,25,,Aggregated,19.100000,0.000000,21,30,36,39,100,490,580,650,870,870,870,1778,0,26,92.9356156068886,6.749542000761721,2973.9479159979965,100333.14454443194
1771801870,25,GET,/tools.descartes.teastore.webui/category?category=[id]&page=[n],9.900000,0.000000,18,22,26,34,100,490,550,620,620,620,620,915,0,22,92.94302368856575,12.816208000003826,2973.9479159979965,117814.76174863389
1771801870,25,GET,/tools.descartes.teastore.webui/home,3.100000,0.000000,9,10,12,12,81,240,390,390,390,390,390,357,0,12,69.21826970872908,6.488457998784725,2491.1586659982277,8905.0
1771801870,25,GET,/tools.descartes.teastore.webui/product?id=[id],5.500000,0.000000,35,38,42,51,330,580,650,870,870,870,870,525,0,37,106.4772396133187,20.64812499884283,2819.3500410015986,131401.22095238094
1771801870,25,,Aggregated,18.500000,0.000000,22,30,35,41,100,490,580,650,870,870,870,1797,0,26,92.18382846858445,6.488457998784725,2973.9479159979965,100147.59766277128
1771801871,25,GET,/tools.descartes.teastore.webui/category?category=[id]&page=[n],9.700000,0.000000,18,22,26,27,100,490,550,620,620,620,620,925,0,22,92.13720356760392,12.816208000003826,2973.9479159979965,117772.30162162162
1771801871,25,GET,/tools.descartes.teastore.webui/home,3.500000,0.000000,9,10,12,15,63,84,390,390,390,390,390,362,0,12,68.45981098900384,6.488457998784725,2491.1586659982277,8905.0
1771801871,25,GET,/tools.descartes.teastore.webui/product?id=[id],5.300000,0.000000,34,37,41,47,330,580,650,870,870,870,870,531,0,36,105.58842428999341,20.64812499884283,2819.3500410015986,131481.53860640302
1771801871,25,,Aggregated,18.500000,0.000000,21,26,34,38,100,490,580,650,870,870,870,1818,0,26,91.35138513533528,6.488457998784725,2973.9479159979965,100098.83718371837
1771801872,25,GET,/tools.descartes.teastore.webui/category?category=[id]&page=[n],10.100000,0.000000,18,21,24,26,36,82,100,140,240,240,240,939,0,22,91.2222603504052,12.816208000003826,2973.9479159979965,117839.83067092652
1771801872,25,GET,/tools.descartes.teastore.webui/home,3.600000,0.000000,9,9,10,12,19,43,63,63,63,63,63,365,0,11,67.96964222470805,6.488457998784725,2491.1586659982277,8905.0
1771801872,25,GET,/tools.descartes.teastore.webui/product?id=[id],5.200000,0.000000,34,37,46,51,330,580,650,870,870,870,870,533,0,36,105.32278159284661,20.64812499884283,2819.3500410015986,131467.5928705441
1771801872,25,,Aggregated,18.900000,0.000000,19,25,31,35,51,100,530,650,870,870,870,1837,0,25,90.69333939577363,6.488457998784725,2973.9479159979965,100149.23952095809
1771801873,25,GET,/tools.descartes.teastore.webui/category?category=[id]&page=[n],9.500000,0.000000,18,20,22,24,35,66,83,85,85,85,85,944,0,22,90.81887046508108,12.816208000003826,2973.9479159979965,117850.14300847458
1771801873,25,GET,/tools.descartes.teastore.webui/home,3.700000,0.000000,8,9,10,10,12,19,63,63,63,63,63,369,0,11,67.32517365587418,6.488457998784725,2491.1586659982277,8905.0
1771801873,25,GET,/tools.descartes.teastore.webui/product?id=[id],5.500000,0.000000,30,34,36,37,46,51,56,68,68,68,68,542,0,36,104.02795219370192,20.64812499884283,2819.3500410015986,131638.50553505536
1771801873,25,,Aggregated,18.700000,0.000000,18,24,26,30,37,51,80,83,85,85,85,1855,0,25,90.00493417091134,6.488457998784725,2973.9479159979965,100207.30458221024
1771801874,25,GET,/tools.descartes.teastore.webui/category?category=[id]&page=[n],9.700000,0.000000,17,20,22,24,35,66,83,85,85,85,85,955,0,22,89.95986694035929,12.816208000003826,2973.9479159979965,117728.85968586388
1771801874,25,GET,/tools.descartes.teastore.webui/home,4.100000,0.000000,8,9,10,10,12,19,31,31,31,31,31,371,0,11,67.0142949137848,6.488457998784725,2491.1586659982277,8905.0
1771801874,25,GET,/tools.descartes.teastore.webui/product?id=[id],5.300000,0.000000,26,31,35,36,46,51,56,68,68,68,68,552,0,36,102.5875030271614,20.613417000276968,2819.3500410015986,131585.14492753622
1771801874,25,,Aggregated,19.100000,0.000000,19,24,26,28,36,50,80,83,85,85,85,1878,0,25,89.13859319065516,6.488457998784725,2973.9479159979965,100303.41640042598
1771801875,25,GET,/tools.descartes.teastore.webui/category?category=[id]&page=[n],10.200000,0.000000,17,20,22,24,34,66,83,85,85,85,85,962,0,22,89.43315879421905,12.693000000581378,2973.9479159979965,117710.22972972973
1771801875,25,GET,/tools.descartes.teastore.webui/home,4.000000,0.000000,9,10,10,11,13,19,31,31,31,31,31,376,0,11,66.26230628725875,6.488457998784725,2491.1586659982277,8905.0
1771801875,25,GET,/tools.descartes.teastore.webui/product?id=[id],5.500000,0.000000,26,29,34,35,39,46,47,68,68,68,68,559,0,36,101.69037552772879,20.613417000276968,2819.3500410015986,131681.8801431127
1771801875,25,,Aggregated,19.700000,0.000000,19,24,26,26,35,46,80,83,85,85,85,1897,0,25,88.45242269058957,6.488457998784725,2973.9479159979965,100261.30311017396
1771801876,25,GET,/tools.descartes.teastore.webui/category?category=[id]&page=[n],9.800000,0.000000,17,19,22,24,32,66,83,85,85,85,85,973,0,22,88.65375266705442,12.693000000581378,2973.9479159979965,117857.50565262076
1771801876,25,GET,/tools.descartes.teastore.webui/home,4.100000,0.000000,9,10,11,11,15,19,31,31,31,31,31,378,0,11,65.97735415874845,6.488457998784725,2491.1586659982277,8905.0
1771801876,25,GET,/tools.descartes.teastore.webui/product?id=[id],5.400000,0.000000,25,28,30,32,36,39,46,68,68,68,68,561,0,36,101.43237262923525,20.613417000276968,2819.3500410015986,131672.6203208556
1771801876,25,,Aggregated,19.300000,0.000000,18,24,25,26,32,37,80,83,85,85,85,1912,0,25,87.92003256383464,6.488457998784725,2973.9479159979965,100371.22541841005
1771801877,25,GET,/tools.descartes.teastore.webui/category?category=[id]&page=[n],10.000000,0.000000,17,19,21,24,31,37,82,83,83,83,83,989,0,22,87.6100527593965,12.693000000581378,2973.9479159979965,117949.20222446916
1771801877,25,GET,/tools.descartes.teastore.webui/home,3.700000,0.000000,9,10,11,12,18,19,31,31,31,31,31,381,0,11,65.5478558556582,6.488457998784725,2491.1586659982277,8905.0
1771801877,25,GET,/tools.descartes.teastore.webui/product?id=[id],6.000000,0.000000,26,28,31,35,37,62,66,68,68,68,68,564,0,36,101.16027829964672,20.613417000276968,2819.3500410015986,131686.7535460993
1771801877,25,,Aggregated,19.700000,0.000000,19,24,25,26,34,37,66,82,83,83,83,1934,0,25,87.21534241005669,6.488457998784725,2973.9479159979965,100473.57549120992
1771801878,25,GET,/tools.descartes.teastore.webui/category?category=[id]&page=[n],9.600000,0.000000,17,19,21,24,32,37,82,83,83,83,83,995,0,22,87.21937291863364,12.693000000581378,2973.9479159979965,117977.18894472362
1771801878,25,GET,/tools.descartes.teastore.webui/home,4.000000,0.000000,9,10,11,11,18,19,31,31,31,31,31,383,0,11,65.24987988774352,6.488457998784725,2491.1586659982277,8905.0
1771801878,25,GET,/tools.descartes.teastore.webui/product?id=[id],6.000000,0.000000,27,31,35,36,39,61,66,68,68,68,68,576,0,36,99.7704571805558,19.806041000265395,2819.3500410015986,131574.60590277778
1771801878,25,,Aggregated,19.600000,0.000000,19,24,26,28,36,40,66,82,83,83,83,1954,0,25,86.61298023902066,6.488457998784725,2973.9479159979965,100606.3925281474
1771801879,25,GET,/tools.descartes.teastore.webui/category?category=[id]&page=[n],9.700000,0.000000,17,19,21,24,32,37,82,83,83,83,83,1003,0,22,86.6708778375289,12.693000000581378,2973.9479159979965,117907.73778664008
1771801879,25,GET,/tools.descartes.teastore.webui/home,3.900000,0.000000,9,10,12,15,19,33,39,39,39,39,39,387,0,11,64.81070713696502,6.488457998784725,2491.1586659982277,8905.0
1771801879,25,GET,/tools.descartes.teastore.webui/product?id=[id],5.500000,0.000000,27,31,35,36,39,61,66,68,68,68,68,582,0,35,99.00517698281458,19.806041000265395,2819.3500410015986,131570.55154639174
1771801879,25,,Aggregated,19.100000,0.000000,20,25,27,30,36,40,66,82,83,83,83,1972,0,25,86.02111923785246,6.488457998784725,2973.9479159979965,100548.55831643002
1771801880,25,GET,/tools.descartes.teastore.webui/category?category=[id]&page=[n],9.800000,0.000000,17,19,21,24,36,41,82,83,83,83,83,1013,0,22,86.01832244623397,12.693000000581378,2973.9479159979965,117868.46298124384
1771801880,25,GET,/tools.descartes.teastore.webui/home,4.000000,0.000000,10,10,12,13,19,33,39,39,39,39,39,390,0,11,64.39860565128933,6.488457998784725,2491.1586659982277,8905.0
1771801880,25,GET,/tools.descartes.teastore.webui/product?id=[id],5.500000,0.000000,27,31,34,36,40,61,62,66,66,66,66,589,0,35,98.16934097962724,19.806041000265395,2819.3500410015986,131482.7062818336
1771801880,25,,Aggregated,19.300000,0.000000,20,24,28,31,37,41,66,82,83,83,83,1992,0,25,85.3783929111638,6.488457998784725,2973.9479159979965,100560.7515060241
1771801882,25,GET,/tools.descartes.teastore.webui/category?category=[id]&page=[n],9.800000,0.000000,17,18,20,21,32,37,56,66,66,66,66,1019,0,22,85.60515977039695,12.693000000581378,2973.9479159979965,117901.74190382728
1771801882,25,GET,/tools.descartes.teastore.webui/home,3.600000,0.000000,10,12,17,18,26,37,39,39,39,39,39,396,0,11,63.72787445960773,6.488457998784725,2491.1586659982277,8905.0
1771801882,25,GET,/tools.descartes.teastore.webui/product?id=[id],6.200000,0.000000,26,30,34,35,39,40,62,66,66,66,66,595,0,35,97.44171652941183,19.806041000265395,2819.3500410015986,131498.98823529412
1771801882,25,,Aggregated,19.600000,0.000000,20,25,27,29,36,39,61,66,66,66,66,2010,0,25,84.79886439156179,6.488457998784725,2973.9479159979965,100452.81243781095
1771801883,25,GET,/tools.descartes.teastore.webui/category?category=[id]&page=[n],9.400000,0.000000,17,18,20,21,32,41,66,93,93,93,93,1035,0,22,84.62940005704426,12.150917002145434,2973.9479159979965,117835.20966183575
1771801883,25,GET,/tools.descartes.teastore.webui/home,3.500000,0.000000,10,12,17,19,33,37,39,39,39,39,39,399,0,11,63.321287057646316,6.488457998784725,2491.1586659982277,8905.0
1771801883,25,GET,/tools.descartes.teastore.webui/product?id=[id],6.400000,0.000000,26,30,34,35,39,61,62,66,66,66,66,598,0,35,97.09353867558616,19.806041000265395,2819.3500410015986,131514.01003344482
1771801883,25,,Aggregated,19.300000,0.000000,19,24,26,29,36,40,62,66,93,93,93,2032,0,25,84.11346393850503,6.488457998784725,2973.9479159979965,100471.41486220472
1771801884,25,GET,/tools.descartes.teastore.webui/category?category=[id]&page=[n],9.700000,0.000000,17,19,21,22,33,41,66,93,93,93,93,1043,0,22,84.11211634710607,12.150917002145434,2973.9479159979965,117784.63183125599
1771801884,25,GET,/tools.descartes.teastore.webui/home,3.300000,0.000000,10,13,17,19,26,37,39,39,39,39,39,406,0,11,62.42305827833164,6.488457998784725,2491.1586659982277,8905.0
1771801884,25,GET,/tools.descartes.teastore.webui/product?id=[id],6.300000,0.000000,29,34,35,36,40,61,66,66,66,66,66,602,0,35,96.67280295349258,19.806041000265395,2819.3500410015986,131474.5215946844
1771801884,25,,Aggregated,19.300000,0.000000,19,25,28,31,37,41,62,66,93,93,93,2051,0,25,83.50547361727781,6.488457998784725,2973.9479159979965,100249.86006825938
1771801885,25,GET,/tools.descartes.teastore.webui/category?category=[id]&page=[n],9.600000,0.000000,17,19,21,23,37,61,99,130,130,130,130,1055,0,22,83.58989286732195,12.150917002145434,2973.9479159979965,117794.60758293839
1771801885,25,GET,/tools.descartes.teastore.webui/home,3.400000,0.000000,9,15,19,26,37,82,95,95,95,95,95,410,0,11,62.287277931717675,6.488457998784725,2491.1586659982277,8905.0
1771801885,25,GET,/tools.descartes.teastore.webui/product?id=[id],6.500000,0.000000,30,34,35,39,61,66,170,170,170,170,170,609,0,35,96.36964005748251,19.806041000265395,2819.3500410015986,131387.4105090312
1771801885,25,,Aggregated,19.500000,0.000000,19,25,30,33,40,66,99,170,170,170,170,2074,0,25,83.13125926809825,6.488457998784725,2973.9479159979965,100260.02603664417
1771801886,25,GET,/tools.descartes.teastore.webui/category?category=[id]&page=[n],9.900000,0.000000,17,19,21,22,37,61,99,130,130,130,130,1061,0,22,83.21908927806726,12.150917002145434,2973.9479159979965,117794.8850141376
1771801886,25,GET,/tools.descartes.teastore.webui/home,3.700000,0.000000,9,12,19,26,37,82,95,95,95,95,95,414,0,11,61.768045574889925,6.488457998784725,2491.1586659982277,8905.0
1771801886,25,GET,/tools.descartes.teastore.webui/product?id=[id],6.000000,0.000000,30,33,34,36,41,66,170,170,170,170,170,617,0,35,95.49897691087352,19.806041000265395,2819.3500410015986,131390.85737439222
1771801886,25,,Aggregated,19.600000,0.000000,19,25,30,33,40,66,99,170,170,170,170,2092,0,25,82.59574251722884,6.488457998784725,2973.9479159979965,100255.8326959847
1771801887,25,GET,/tools.descartes.teastore.webui/category?category=[id]&page=[n],9.900000,0.000000,17,18,20,21,33,56,99,130,130,130,130,1072,0,21,82.54923295245719,12.150917002145434,2973.9479159979965,117785.88339552238
1771801887,25,GET,/tools.descartes.teastore.webui/home,3.900000,0.000000,9,12,17,26,37,82,95,95,95,95,95,419,0,11,61.17329532696631,6.488457998784725,2491.1586659982277,8905.0
1771801887,25,GET,/tools.descartes.teastore.webui/product?id=[id],5.700000,0.000000,29,32,34,35,41,61,170,170,170,170,170,623,0,35,94.85087019263148,19.806041000265395,2819.3500410015986,131417.55537720706
1771801887,25,,Aggregated,19.500000,0.000000,19,25,29,32,39,61,99,170,170,170,170,2114,0,25,81.93778646974569,6.488457998784725,2973.9479159979965,100222.70529801324
1771801888,25,GET,/tools.descartes.teastore.webui/category?category=[id]&page=[n],9.900000,0.000000,17,18,19,21,29,49,99,130,130,130,130,1080,0,21,82.06215348615203,12.150917002145434,2973.9479159979965,117835.56759259259
1771801888,25,GET,/tools.descartes.teastore.webui/home,3.900000,0.000000,9,12,17,26,37,82,95,95,95,95,95,423,0,11,60.680810758872504,6.488457998784725,2491.1586659982277,8905.0
1771801888,25,GET,/tools.descartes.teastore.webui/product?id=[id],5.700000,0.000000,28,30,33,34,40,44,170,170,170,170,170,628,0,35,94.29096895702598,19.46991600198089,2819.3500410015986,131460.7356687898
1771801888,25,,Aggregated,19.500000,0.000000,18,23,26,29,34,49,99,170,170,170,170,2131,0,24,81.42179128158591,6.488457998784725,2973.9479159979965,100228.3294228062
1771801889,25,GET,/tools.descartes.teastore.webui/category?category=[id]&page=[n],9.800000,0.000000,17,19,20,22,41,99,100,130,130,130,130,1092,0,21,81.59277012458541,12.150917002145434,2973.9479159979965,117843.2847985348
1771801889,25,GET,/tools.descartes.teastore.webui/home,3.700000,0.000000,9,10,13,17,26,82,95,95,95,95,95,427,0,11,60.190289896953495,6.319459000224015,2491.1586659982277,8905.0
1771801889,25,GET,/tools.descartes.teastore.webui/product?id=[id],5.800000,0.000000,29,33,34,37,61,120,170,170,170,170,170,638,0,35,93.67847087933713,19.46991600198089,2819.3500410015986,131491.48746081506
1771801889,25,,Aggregated,19.300000,0.000000,19,24,28,31,41,93,120,170,170,170,170,2157,0,24,80.93065516136463,6.319459000224015,2973.9479159979965,100314.72925359296
